// Gerado automaticamente a partir de hype_chat.dll - Chat Moderno V16 (fonte 2x supersampled)
static const unsigned char g_hype_chat_dll[] = {
    0x4D, 0x5A, 0x78, 0x00, 0x01, 0x00, 0x00, 0x00, 0x04, 0x00, 0x00, 0x00, 0x00, 0x00, 0x00, 0x00,
    0x00, 0x00, 0x00, 0x00, 0x00, 0x00, 0x00, 0x00, 0x40, 0x00, 0x00, 0x00, 0x00, 0x00, 0x00, 0x00,
    0x00, 0x00, 0x00, 0x00, 0x00, 0x00, 0x00, 0x00, 0x00, 0x00, 0x00, 0x00, 0x00, 0x00, 0x00, 0x00,
    0x00, 0x00, 0x00, 0x00, 0x00, 0x00, 0x00, 0x00, 0x00, 0x00, 0x00, 0x00, 0x78, 0x00, 0x00, 0x00,
    0x0E, 0x1F, 0xBA, 0x0E, 0x00, 0xB4, 0x09, 0xCD, 0x21, 0xB8, 0x01, 0x4C, 0xCD, 0x21, 0x54, 0x68,
    0x69, 0x73, 0x20, 0x70, 0x72, 0x6F, 0x67, 0x72, 0x61, 0x6D, 0x20, 0x63, 0x61, 0x6E, 0x6E, 0x6F,
    0x74, 0x20, 0x62, 0x65, 0x20, 0x72, 0x75, 0x6E, 0x20, 0x69, 0x6E, 0x20, 0x44, 0x4F, 0x53, 0x20,
    0x6D, 0x6F, 0x64, 0x65, 0x2E, 0x24, 0x00, 0x00, 0x50, 0x45, 0x00, 0x00, 0x4C, 0x01, 0x04, 0x00,
    0x9D, 0x97, 0xB8, 0x6A, 0x00, 0x00, 0x00, 0x00, 0x00, 0x00, 0x00, 0x00, 0xE0, 0x00, 0x02, 0x21,
    0x0B, 0x01, 0x0E, 0x00, 0x00, 0x4A, 0x00, 0x00, 0x00, 0x0A, 0x00, 0x00, 0x00, 0x00, 0x00, 0x00,
    0x00, 0x10, 0x00, 0x00, 0x00, 0x10, 0x00, 0x00, 0x00, 0x00, 0x00, 0x00, 0x00, 0x00, 0x00, 0x10,
    0x00, 0x10, 0x00, 0x00, 0x00, 0x02, 0x00, 0x00, 0x06, 0x00, 0x00, 0x00, 0x00, 0x00, 0x00, 0x00,
    0x06, 0x00, 0x00, 0x00, 0x00, 0x00, 0x00, 0x00, 0x00, 0xB0, 0x06, 0x00, 0x00, 0x04, 0x00, 0x00,
    0x00, 0x00, 0x00, 0x00, 0x02, 0x00, 0x40, 0x05, 0x00, 0x00, 0x10, 0x00, 0x00, 0x10, 0x00, 0x00,
    0x00, 0x00, 0x10, 0x00, 0x00, 0x10, 0x00, 0x00, 0x00, 0x00, 0x00, 0x00, 0x10, 0x00, 0x00, 0x00,
    0x3B, 0x63, 0x00, 0x00, 0x4C, 0x00, 0x00, 0x00, 0x00, 0x00, 0x00, 0x00, 0x00, 0x00, 0x00, 0x00,
    0x00, 0x00, 0x00, 0x00, 0x00, 0x00, 0x00, 0x00, 0x00, 0x00, 0x00, 0x00, 0x00, 0x00, 0x00, 0x00,
    0x00, 0x00, 0x00, 0x00, 0x00, 0x00, 0x00, 0x00, 0x00, 0xA0, 0x06, 0x00, 0xA8, 0x03, 0x00, 0x00,
    0x00, 0x00, 0x00, 0x00, 0x00, 0x00, 0x00, 0x00, 0x00, 0x00, 0x00, 0x00, 0x00, 0x00, 0x00, 0x00,
    0x00, 0x00, 0x00, 0x00, 0x00, 0x00, 0x00, 0x00, 0x00, 0x00, 0x00, 0x00, 0x00, 0x00, 0x00, 0x00,
    0x00, 0x00, 0x00, 0x00, 0x00, 0x00, 0x00, 0x00, 0x00, 0x00, 0x00, 0x00, 0x00, 0x00, 0x00, 0x00,
    0x00, 0x00, 0x00, 0x00, 0x00, 0x00, 0x00, 0x00, 0x00, 0x00, 0x00, 0x00, 0x00, 0x00, 0x00, 0x00,
    0x00, 0x00, 0x00, 0x00, 0x00, 0x00, 0x00, 0x00, 0x00, 0x00, 0x00, 0x00, 0x00, 0x00, 0x00, 0x00,
    0x2E, 0x74, 0x65, 0x78, 0x74, 0x00, 0x00, 0x00, 0x78, 0x48, 0x00, 0x00, 0x00, 0x10, 0x00, 0x00,
    0x00, 0x4A, 0x00, 0x00, 0x00, 0x04, 0x00, 0x00, 0x00, 0x00, 0x00, 0x00, 0x00, 0x00, 0x00, 0x00,
    0x00, 0x00, 0x00, 0x00, 0x20, 0x00, 0x00, 0x60, 0x2E, 0x72, 0x64, 0x61, 0x74, 0x61, 0x00, 0x00,
    0x87, 0x03, 0x00, 0x00, 0x00, 0x60, 0x00, 0x00, 0x00, 0x04, 0x00, 0x00, 0x00, 0x4E, 0x00, 0x00,
    0x00, 0x00, 0x00, 0x00, 0x00, 0x00, 0x00, 0x00, 0x00, 0x00, 0x00, 0x00, 0x40, 0x00, 0x00, 0x40,
    0x2E, 0x64, 0x61, 0x74, 0x61, 0x00, 0x00, 0x00, 0x40, 0x21, 0x06, 0x00, 0x00, 0x70, 0x00, 0x00,
    0x00, 0x02, 0x00, 0x00, 0x00, 0x52, 0x00, 0x00, 0x00, 0x00, 0x00, 0x00, 0x00, 0x00, 0x00, 0x00,
    0x00, 0x00, 0x00, 0x00, 0x40, 0x00, 0x00, 0xC0, 0x2E, 0x72, 0x65, 0x6C, 0x6F, 0x63, 0x00, 0x00,
    0xA8, 0x03, 0x00, 0x00, 0x00, 0xA0, 0x06, 0x00, 0x00, 0x04, 0x00, 0x00, 0x00, 0x54, 0x00, 0x00,
    0x00, 0x00, 0x00, 0x00, 0x00, 0x00, 0x00, 0x00, 0x00, 0x00, 0x00, 0x00, 0x40, 0x00, 0x00, 0x42,
    0x00, 0x00, 0x00, 0x00, 0x00, 0x00, 0x00, 0x00, 0x00, 0x00, 0x00, 0x00, 0x00, 0x00, 0x00, 0x00,
    0x00, 0x00, 0x00, 0x00, 0x00, 0x00, 0x00, 0x00, 0x00, 0x00, 0x00, 0x00, 0x00, 0x00, 0x00, 0x00,
    0x00, 0x00, 0x00, 0x00, 0x00, 0x00, 0x00, 0x00, 0x00, 0x00, 0x00, 0x00, 0x00, 0x00, 0x00, 0x00,
    0x00, 0x00, 0x00, 0x00, 0x00, 0x00, 0x00, 0x00, 0x00, 0x00, 0x00, 0x00, 0x00, 0x00, 0x00, 0x00,
    0x00, 0x00, 0x00, 0x00, 0x00, 0x00, 0x00, 0x00, 0x00, 0x00, 0x00, 0x00, 0x00, 0x00, 0x00, 0x00,
    0x00, 0x00, 0x00, 0x00, 0x00, 0x00, 0x00, 0x00, 0x00, 0x00, 0x00, 0x00, 0x00, 0x00, 0x00, 0x00,
    0x00, 0x00, 0x00, 0x00, 0x00, 0x00, 0x00, 0x00, 0x00, 0x00, 0x00, 0x00, 0x00, 0x00, 0x00, 0x00,
    0x00, 0x00, 0x00, 0x00, 0x00, 0x00, 0x00, 0x00, 0x00, 0x00, 0x00, 0x00, 0x00, 0x00, 0x00, 0x00,
    0x00, 0x00, 0x00, 0x00, 0x00, 0x00, 0x00, 0x00, 0x00, 0x00, 0x00, 0x00, 0x00, 0x00, 0x00, 0x00,
    0x00, 0x00, 0x00, 0x00, 0x00, 0x00, 0x00, 0x00, 0x00, 0x00, 0x00, 0x00, 0x00, 0x00, 0x00, 0x00,
    0x00, 0x00, 0x00, 0x00, 0x00, 0x00, 0x00, 0x00, 0x00, 0x00, 0x00, 0x00, 0x00, 0x00, 0x00, 0x00,
    0x00, 0x00, 0x00, 0x00, 0x00, 0x00, 0x00, 0x00, 0x00, 0x00, 0x00, 0x00, 0x00, 0x00, 0x00, 0x00,
    0x00, 0x00, 0x00, 0x00, 0x00, 0x00, 0x00, 0x00, 0x00, 0x00, 0x00, 0x00, 0x00, 0x00, 0x00, 0x00,
    0x00, 0x00, 0x00, 0x00, 0x00, 0x00, 0x00, 0x00, 0x00, 0x00, 0x00, 0x00, 0x00, 0x00, 0x00, 0x00,
    0x00, 0x00, 0x00, 0x00, 0x00, 0x00, 0x00, 0x00, 0x00, 0x00, 0x00, 0x00, 0x00, 0x00, 0x00, 0x00,
    0x00, 0x00, 0x00, 0x00, 0x00, 0x00, 0x00, 0x00, 0x00, 0x00, 0x00, 0x00, 0x00, 0x00, 0x00, 0x00,
    0x00, 0x00, 0x00, 0x00, 0x00, 0x00, 0x00, 0x00, 0x00, 0x00, 0x00, 0x00, 0x00, 0x00, 0x00, 0x00,
    0x00, 0x00, 0x00, 0x00, 0x00, 0x00, 0x00, 0x00, 0x00, 0x00, 0x00, 0x00, 0x00, 0x00, 0x00, 0x00,
    0x00, 0x00, 0x00, 0x00, 0x00, 0x00, 0x00, 0x00, 0x00, 0x00, 0x00, 0x00, 0x00, 0x00, 0x00, 0x00,
    0x00, 0x00, 0x00, 0x00, 0x00, 0x00, 0x00, 0x00, 0x00, 0x00, 0x00, 0x00, 0x00, 0x00, 0x00, 0x00,
    0x00, 0x00, 0x00, 0x00, 0x00, 0x00, 0x00, 0x00, 0x00, 0x00, 0x00, 0x00, 0x00, 0x00, 0x00, 0x00,
    0x00, 0x00, 0x00, 0x00, 0x00, 0x00, 0x00, 0x00, 0x00, 0x00, 0x00, 0x00, 0x00, 0x00, 0x00, 0x00,
    0x00, 0x00, 0x00, 0x00, 0x00, 0x00, 0x00, 0x00, 0x00, 0x00, 0x00, 0x00, 0x00, 0x00, 0x00, 0x00,
    0x00, 0x00, 0x00, 0x00, 0x00, 0x00, 0x00, 0x00, 0x00, 0x00, 0x00, 0x00, 0x00, 0x00, 0x00, 0x00,
    0x00, 0x00, 0x00, 0x00, 0x00, 0x00, 0x00, 0x00, 0x00, 0x00, 0x00, 0x00, 0x00, 0x00, 0x00, 0x00,
    0x00, 0x00, 0x00, 0x00, 0x00, 0x00, 0x00, 0x00, 0x00, 0x00, 0x00, 0x00, 0x00, 0x00, 0x00, 0x00,
    0x00, 0x00, 0x00, 0x00, 0x00, 0x00, 0x00, 0x00, 0x00, 0x00, 0x00, 0x00, 0x00, 0x00, 0x00, 0x00,
    0x00, 0x00, 0x00, 0x00, 0x00, 0x00, 0x00, 0x00, 0x00, 0x00, 0x00, 0x00, 0x00, 0x00, 0x00, 0x00,
    0x00, 0x00, 0x00, 0x00, 0x00, 0x00, 0x00, 0x00, 0x00, 0x00, 0x00, 0x00, 0x00, 0x00, 0x00, 0x00,
    0x00, 0x00, 0x00, 0x00, 0x00, 0x00, 0x00, 0x00, 0x00, 0x00, 0x00, 0x00, 0x00, 0x00, 0x00, 0x00,
    0x00, 0x00, 0x00, 0x00, 0x00, 0x00, 0x00, 0x00, 0x00, 0x00, 0x00, 0x00, 0x00, 0x00, 0x00, 0x00,
    0x55, 0x53, 0x57, 0x56, 0x83, 0xEC, 0x18, 0x8B, 0x44, 0x24, 0x30, 0x85, 0xC0, 0x0F, 0x84, 0xF0,
    0x00, 0x00, 0x00, 0x83, 0xF8, 0x01, 0x0F, 0x85, 0xF1, 0x00, 0x00, 0x00, 0xC7, 0x05, 0x00, 0x70,
    0x00, 0x10, 0x01, 0x00, 0x00, 0x00, 0x64, 0xA1, 0x30, 0x00, 0x00, 0x00, 0x85, 0xC0, 0x0F, 0x84,
    0xD9, 0x00, 0x00, 0x00, 0x8B, 0x48, 0x0C, 0x85, 0xC9, 0x0F, 0x84, 0xCE, 0x00, 0x00, 0x00, 0x89,
    0xC8, 0x8B, 0x50, 0x14, 0x83, 0xC1, 0x14, 0x85, 0xD2, 0x0F, 0x94, 0xC0, 0x89, 0x4C, 0x24, 0x08,
    0x89, 0x54, 0x24, 0x04, 0x39, 0xCA, 0x0F, 0x94, 0xC1, 0x08, 0xC1, 0x0F, 0x85, 0xAC, 0x00, 0x00,
    0x00, 0x31, 0xED, 0x8B, 0x4C, 0x24, 0x04, 0x66, 0x0F, 0x1F, 0x84, 0x00, 0x00, 0x00, 0x00, 0x00,
    0x81, 0xFD, 0x80, 0x00, 0x00, 0x00, 0x0F, 0x84, 0x91, 0x00, 0x00, 0x00, 0x8B, 0x41, 0x10, 0x8B,
    0x71, 0x28, 0x89, 0x04, 0x24, 0x85, 0xC0, 0x0F, 0x94, 0xC0, 0x85, 0xF6, 0x0F, 0x94, 0xC2, 0x08,
    0xC2, 0x75, 0x5D, 0x31, 0xFF, 0x66, 0x66, 0x2E, 0x0F, 0x1F, 0x84, 0x00, 0x00, 0x00, 0x00, 0x00,
    0x0F, 0xB7, 0x04, 0x7E, 0x66, 0x85, 0xC0, 0x74, 0x37, 0x83, 0xFF, 0x0C, 0x74, 0x42, 0x0F, 0xB6,
    0x9F, 0x85, 0x62, 0x00, 0x10, 0x89, 0xC2, 0x80, 0xC2, 0xBF, 0x88, 0xC6, 0x80, 0xCE, 0x20, 0x80,
    0xFA, 0x1A, 0x0F, 0xB6, 0xD6, 0x0F, 0x43, 0xD0, 0x89, 0xD8, 0x04, 0xBF, 0x88, 0xDC, 0x80, 0xCC,
    0x20, 0x3C, 0x1A, 0x0F, 0xB6, 0xC4, 0x0F, 0x43, 0xC3, 0x47, 0x38, 0xC2, 0x74, 0xC2, 0xEB, 0x10,
    0x80, 0xBF, 0x85, 0x62, 0x00, 0x10, 0x00, 0x74, 0x33, 0x0F, 0x1F, 0x80, 0x00, 0x00, 0x00, 0x00,
    0x8B, 0x09, 0x85, 0xC9, 0x74, 0x17, 0x45, 0x3B, 0x4C, 0x24, 0x08, 0x0F, 0x85, 0x6F, 0xFF, 0xFF,
    0xFF, 0xEB, 0x0A, 0xC7, 0x05, 0x00, 0x70, 0x00, 0x10, 0x00, 0x00, 0x00, 0x00, 0xB8, 0x01, 0x00,
    0x00, 0x00, 0x83, 0xC4, 0x18, 0x5E, 0x5F, 0x5B, 0x5D, 0xC2, 0x0C, 0x00, 0x8B, 0x34, 0x24, 0x89,
    0xF1, 0xBA, 0xAE, 0x62, 0x00, 0x10, 0x6A, 0x00, 0xE8, 0x33, 0x18, 0x00, 0x00, 0x83, 0xC4, 0x04,
    0x89, 0x44, 0x24, 0x10, 0x89, 0xF1, 0xBA, 0x5E, 0x62, 0x00, 0x10, 0x6A, 0x00, 0xE8, 0x1E, 0x18,
    0x00, 0x00, 0x83, 0xC4, 0x04, 0x89, 0x44, 0x24, 0x0C, 0xA3, 0x08, 0x70, 0x00, 0x10, 0x89, 0xF1,
    0xBA, 0x42, 0x62, 0x00, 0x10, 0x6A, 0x00, 0xE8, 0x04, 0x18, 0x00, 0x00, 0x83, 0xC4, 0x04, 0xA3,
    0x0C, 0x70, 0x00, 0x10, 0x89, 0xF1, 0xBA, 0x4F, 0x62, 0x00, 0x10, 0x6A, 0x00, 0xE8, 0xEE, 0x17,
    0x00, 0x00, 0x83, 0xC4, 0x04, 0x89, 0x44, 0x24, 0x14, 0xA3, 0x10, 0x70, 0x00, 0x10, 0x31, 0xF6,
    0x8B, 0x44, 0x24, 0x04, 0x81, 0xFE, 0x80, 0x00, 0x00, 0x00, 0x0F, 0x84, 0x94, 0x00, 0x00, 0x00,
    0x8B, 0x50, 0x10, 0x89, 0xC1, 0x8B, 0x68, 0x28, 0x89, 0x14, 0x24, 0x85, 0xD2, 0x0F, 0x94, 0xC0,
    0x85, 0xED, 0x0F, 0x94, 0xC2, 0x08, 0xC2, 0x75, 0x51, 0x31, 0xFF, 0x0F, 0x1F, 0x44, 0x00, 0x00,
    0x0F, 0xB7, 0x5C, 0x7D, 0x00, 0x66, 0x85, 0xDB, 0x74, 0x37, 0x83, 0xFF, 0x0A, 0x74, 0x3B, 0x0F,
    0xB6, 0x97, 0x7A, 0x62, 0x00, 0x10, 0x89, 0xD8, 0x04, 0xBF, 0x88, 0xDC, 0x80, 0xCC, 0x20, 0x3C,
    0x1A, 0x0F, 0xB6, 0xC4, 0x0F, 0x43, 0xC3, 0x89, 0xD3, 0x80, 0xC3, 0xBF, 0x88, 0xD7, 0x80, 0xCF,
    0x20, 0x80, 0xFB, 0x1A, 0x0F, 0xB6, 0xDF, 0x0F, 0x43, 0xDA, 0x47, 0x38, 0xD8, 0x74, 0xC1, 0xEB,
    0x09, 0x80, 0xBF, 0x7A, 0x62, 0x00, 0x10, 0x00, 0x74, 0x13, 0x8B, 0x01, 0x85, 0xC0, 0x74, 0x24,
    0x46, 0x3B, 0x44, 0x24, 0x08, 0x0F, 0x85, 0x79, 0xFF, 0xFF, 0xFF, 0xEB, 0x17, 0x8B, 0x0C, 0x24,
    0xBA, 0x9D, 0x62, 0x00, 0x10, 0x6A, 0x00, 0xE8, 0x44, 0x17, 0x00, 0x00, 0x83, 0xC4, 0x04, 0xA3,
    0x14, 0x70, 0x00, 0x10, 0x8B, 0x54, 0x24, 0x10, 0x85, 0xD2, 0x0F, 0x95, 0xC0, 0x83, 0x7C, 0x24,
    0x0C, 0x00, 0x0F, 0x95, 0xC1, 0x20, 0xC1, 0x83, 0x7C, 0x24, 0x14, 0x00, 0x0F, 0x95, 0xC0, 0x20,
    0xC8, 0x3C, 0x01, 0x0F, 0x85, 0xC4, 0xFE, 0xFF, 0xFF, 0x6A, 0x00, 0x6A, 0x00, 0x6A, 0x00, 0x68,
    0x60, 0x12, 0x00, 0x10, 0x6A, 0x00, 0x6A, 0x00, 0xFF, 0xD2, 0xE9, 0xAE, 0xFE, 0xFF, 0xFF, 0x90,
    0x55, 0x53, 0x57, 0x56, 0x83, 0xEC, 0x28, 0x64, 0x8B, 0x35, 0x30, 0x00, 0x00, 0x00, 0x85, 0xF6,
    0x0F, 0x84, 0x92, 0x13, 0x00, 0x00, 0x8B, 0x46, 0x10, 0x85, 0xC0, 0x0F, 0x84, 0x87, 0x13, 0x00,
    0x00, 0x0F, 0xB7, 0x78, 0x40, 0x8B, 0x40, 0x44, 0x89, 0x44, 0x24, 0x10, 0x85, 0xC0, 0x0F, 0x95,
    0xC1, 0x66, 0x85, 0xFF, 0x0F, 0x95, 0xC2, 0x20, 0xCA, 0x80, 0xFA, 0x01, 0x0F, 0x85, 0x66, 0x13,
    0x00, 0x00, 0x89, 0x74, 0x24, 0x14, 0x0F, 0xB7, 0xC7, 0xD1, 0xE8, 0x89, 0x44, 0x24, 0x08, 0x66,
    0x89, 0x7C, 0x24, 0x18, 0x66, 0x83, 0xFF, 0x18, 0x73, 0x22, 0xB0, 0x01, 0x89, 0x44, 0x24, 0x0C,
    0x0F, 0xB7, 0x6C, 0x24, 0x18, 0x66, 0x83, 0xFD, 0x16, 0x0F, 0x83, 0xAE, 0x02, 0x00, 0x00, 0x8B,
    0x74, 0x24, 0x10, 0x8B, 0x7C, 0x24, 0x08, 0xE9, 0xA6, 0x00, 0x00, 0x00, 0x8B, 0x44, 0x24, 0x08,
    0x8D, 0x78, 0xF4, 0x31, 0xED, 0x8B, 0x5C, 0x24, 0x10, 0xEB, 0x0C, 0x8D, 0x4D, 0x01, 0x83, 0xC3,
    0x02, 0x39, 0xFD, 0x89, 0xCD, 0x74, 0xC3, 0xBE, 0x01, 0x00, 0x00, 0x00, 0x0F, 0x1F, 0x40, 0x00,
    0x0F, 0xB6, 0x4C, 0x73, 0xFE, 0x89, 0xCA, 0x80, 0xC2, 0xBF, 0x88, 0xCE, 0x80, 0xCE, 0x20, 0x80,
    0xFA, 0x1A, 0x0F, 0xB6, 0xD6, 0x0F, 0x43, 0xD1, 0x0F, 0xB6, 0x8E, 0xFF, 0x62, 0x00, 0x10, 0x89,
    0xC8, 0x04, 0xBF, 0x88, 0xCC, 0x80, 0xCC, 0x20, 0x3C, 0x1A, 0x0F, 0xB6, 0xC4, 0x0F, 0x43, 0xC1,
    0x38, 0xC2, 0x75, 0xB7, 0x0F, 0xB6, 0x0C, 0x73, 0x89, 0xC8, 0x04, 0xBF, 0x89, 0xCA, 0x80, 0xCA,
    0x20, 0x3C, 0x1A, 0x0F, 0xB6, 0xD2, 0x0F, 0x43, 0xD1, 0x0F, 0xB6, 0x8E, 0x00, 0x63, 0x00, 0x10,
    0x89, 0xC8, 0x04, 0xBF, 0x88, 0xCC, 0x80, 0xCC, 0x20, 0x3C, 0x1A, 0x0F, 0xB6, 0xC4, 0x0F, 0x43,
    0xC1, 0x38, 0xC2, 0x75, 0x86, 0x83, 0xC6, 0x02, 0x83, 0xFE, 0x0D, 0x75, 0x93, 0xC7, 0x44, 0x24,
    0x0C, 0x00, 0x00, 0x00, 0x00, 0x8B, 0x74, 0x24, 0x10, 0x8B, 0x7C, 0x24, 0x08, 0x0F, 0xB7, 0x6C,
    0x24, 0x18, 0x66, 0x83, 0xFD, 0x0E, 0x0F, 0x83, 0xD5, 0x00, 0x00, 0x00, 0x66, 0x83, 0xFD, 0x0C,
    0x0F, 0x82, 0x72, 0x12, 0x00, 0x00, 0xBB, 0x05, 0x00, 0x00, 0x00, 0x8B, 0x74, 0x24, 0x10, 0xEB,
    0x18, 0x66, 0x66, 0x66, 0x66, 0x66, 0x66, 0x2E, 0x0F, 0x1F, 0x84, 0x00, 0x00, 0x00, 0x00, 0x00,
    0x43, 0x39, 0xDF, 0x0F, 0x84, 0x8B, 0x01, 0x00, 0x00, 0x0F, 0xB6, 0x4C, 0x5E, 0xF6, 0x89, 0xC8,
    0x04, 0xBF, 0x89, 0xCA, 0x80, 0xCA, 0x20, 0x3C, 0x1A, 0x0F, 0xB6, 0xC2, 0x0F, 0x43, 0xC1, 0x3C,
    0x2D, 0x75, 0xDD, 0x0F, 0xB6, 0x4C, 0x5E, 0xF8, 0x89, 0xC8, 0x04, 0xBF, 0x89, 0xCA, 0x80, 0xCA,
    0x20, 0x3C, 0x1A, 0x0F, 0xB6, 0xC2, 0x0F, 0x43, 0xC1, 0x3C, 0x70, 0x75, 0xC3, 0x0F, 0xB6, 0x4C,
    0x5E, 0xFA, 0x89, 0xC8, 0x04, 0xBF, 0x89, 0xCA, 0x80, 0xCA, 0x20, 0x3C, 0x1A, 0x0F, 0xB6, 0xC2,
    0x0F, 0x43, 0xC1, 0x3C, 0x37, 0x75, 0xA9, 0x0F, 0xB6, 0x4C, 0x5E, 0xFC, 0x89, 0xC8, 0x04, 0xBF,
    0x89, 0xCA, 0x80, 0xCA, 0x20, 0x3C, 0x1A, 0x0F, 0xB6, 0xC2, 0x0F, 0x43, 0xC1, 0x3C, 0x37, 0x75,
    0x8F, 0x0F, 0xB6, 0x4C, 0x5E, 0xFE, 0x89, 0xC8, 0x04, 0xBF, 0x89, 0xCA, 0x80, 0xCA, 0x20, 0x3C,
    0x1A, 0x0F, 0xB6, 0xC2, 0x0F, 0x43, 0xC1, 0x3C, 0x37, 0x0F, 0x85, 0x71, 0xFF, 0xFF, 0xFF, 0x0F,
    0xB6, 0x0C, 0x5E, 0x89, 0xC8, 0x04, 0xBF, 0x89, 0xCA, 0x80, 0xCA, 0x20, 0x3C, 0x1A, 0x0F, 0xB6,
    0xC2, 0x0F, 0x43, 0xC1, 0x3C, 0x37, 0x0F, 0x85, 0x54, 0xFF, 0xFF, 0xFF, 0xE9, 0xD9, 0x00, 0x00,
    0x00, 0xBB, 0x06, 0x00, 0x00, 0x00, 0xEB, 0x11, 0x0F, 0x1F, 0x84, 0x00, 0x00, 0x00, 0x00, 0x00,
    0x43, 0x39, 0xDF, 0x0F, 0x84, 0x13, 0xFF, 0xFF, 0xFF, 0x0F, 0xB6, 0x4C, 0x5E, 0xF4, 0x89, 0xC8,
    0x04, 0xBF, 0x89, 0xCA, 0x80, 0xCA, 0x20, 0x3C, 0x1A, 0x0F, 0xB6, 0xC2, 0x0F, 0x43, 0xC1, 0x3C,
    0x2D, 0x75, 0xDD, 0x0F, 0xB6, 0x4C, 0x5E, 0xF6, 0x89, 0xC8, 0x04, 0xBF, 0x89, 0xCA, 0x80, 0xCA,
    0x20, 0x3C, 0x1A, 0x0F, 0xB6, 0xC2, 0x0F, 0x43, 0xC1, 0x3C, 0x70, 0x75, 0xC3, 0x0F, 0xB6, 0x4C,
    0x5E, 0xF8, 0x89, 0xC8, 0x04, 0xBF, 0x89, 0xCA, 0x80, 0xCA, 0x20, 0x3C, 0x1A, 0x0F, 0xB6, 0xC2,
    0x0F, 0x43, 0xC1, 0x3C, 0x20, 0x75, 0xA9, 0x0F, 0xB6, 0x4C, 0x5E, 0xFA, 0x89, 0xC8, 0x04, 0xBF,
    0x89, 0xCA, 0x80, 0xCA, 0x20, 0x3C, 0x1A, 0x0F, 0xB6, 0xC2, 0x0F, 0x43, 0xC1, 0x3C, 0x37, 0x75,
    0x8F, 0x0F, 0xB6, 0x4C, 0x5E, 0xFC, 0x89, 0xC8, 0x04, 0xBF, 0x89, 0xCA, 0x80, 0xCA, 0x20, 0x3C,
    0x1A, 0x0F, 0xB6, 0xC2, 0x0F, 0x43, 0xC1, 0x3C, 0x37, 0x0F, 0x85, 0x71, 0xFF, 0xFF, 0xFF, 0x0F,
    0xB6, 0x4C, 0x5E, 0xFE, 0x89, 0xC8, 0x04, 0xBF, 0x89, 0xCA, 0x80, 0xCA, 0x20, 0x3C, 0x1A, 0x0F,
    0xB6, 0xC2, 0x0F, 0x43, 0xC1, 0x3C, 0x37, 0x0F, 0x85, 0x53, 0xFF, 0xFF, 0xFF, 0x0F, 0xB6, 0x0C,
    0x5E, 0x89, 0xC8, 0x04, 0xBF, 0x89, 0xCA, 0x80, 0xCA, 0x20, 0x3C, 0x1A, 0x0F, 0xB6, 0xC2, 0x0F,
    0x43, 0xC1, 0x3C, 0x37, 0x0F, 0x85, 0x36, 0xFF, 0xFF, 0xFF, 0xC7, 0x44, 0x24, 0x1C, 0x00, 0x00,
    0x00, 0x00, 0xEB, 0x06, 0xB0, 0x01, 0x89, 0x44, 0x24, 0x1C, 0x66, 0x83, 0xFD, 0x22, 0x0F, 0x83,
    0x5C, 0x04, 0x00, 0x00, 0x31, 0xED, 0x66, 0x83, 0x7C, 0x24, 0x18, 0x20, 0x0F, 0x82, 0xFE, 0x01,
    0x00, 0x00, 0x8B, 0x44, 0x24, 0x08, 0x83, 0xC0, 0xF0, 0x89, 0x44, 0x24, 0x20, 0x8B, 0x44, 0x24,
    0x10, 0x8D, 0x50, 0x02, 0x31, 0xFF, 0x31, 0xED, 0xE9, 0x70, 0x01, 0x00, 0x00, 0xBB, 0x0A, 0x00,
    0x00, 0x00, 0x8B, 0x74, 0x24, 0x10, 0x8B, 0x7C, 0x24, 0x08, 0xEB, 0x0D, 0x0F, 0x1F, 0x40, 0x00,
    0x43, 0x39, 0xDF, 0x0F, 0x84, 0xE9, 0xFD, 0xFF, 0xFF, 0x0F, 0xB6, 0x4C, 0x5E, 0xEC, 0x89, 0xC8,
    0x04, 0xBF, 0x89, 0xCA, 0x80, 0xCA, 0x20, 0x3C, 0x1A, 0x0F, 0xB6, 0xC2, 0x0F, 0x43, 0xC1, 0x3C,
    0x2D, 0x75, 0xDD, 0x0F, 0xB6, 0x4C, 0x5E, 0xEE, 0x89, 0xC8, 0x04, 0xBF, 0x89, 0xCA, 0x80, 0xCA,
    0x20, 0x3C, 0x1A, 0x0F, 0xB6, 0xC2, 0x0F, 0x43, 0xC1, 0x3C, 0x68, 0x75, 0xC3, 0x0F, 0xB6, 0x4C,
    0x5E, 0xF0, 0x89, 0xC8, 0x04, 0xBF, 0x89, 0xCA, 0x80, 0xCA, 0x20, 0x3C, 0x1A, 0x0F, 0xB6, 0xC2,
    0x0F, 0x43, 0xC1, 0x3C, 0x31, 0x75, 0xA9, 0x0F, 0xB6, 0x4C, 0x5E, 0xF2, 0x89, 0xC8, 0x04, 0xBF,
    0x89, 0xCA, 0x80, 0xCA, 0x20, 0x3C, 0x1A, 0x0F, 0xB6, 0xC2, 0x0F, 0x43, 0xC1, 0x3C, 0x32, 0x75,
    0x8F, 0x0F, 0xB6, 0x4C, 0x5E, 0xF4, 0x89, 0xC8, 0x04, 0xBF, 0x89, 0xCA, 0x80, 0xCA, 0x20, 0x3C,
    0x1A, 0x0F, 0xB6, 0xC2, 0x0F, 0x43, 0xC1, 0x3C, 0x37, 0x0F, 0x85, 0x71, 0xFF, 0xFF, 0xFF, 0x0F,
    0xB6, 0x4C, 0x5E, 0xF6, 0x89, 0xC8, 0x04, 0xBF, 0x89, 0xCA, 0x80, 0xCA, 0x20, 0x3C, 0x1A, 0x0F,
    0xB6, 0xC2, 0x0F, 0x43, 0xC1, 0x3C, 0x2E, 0x0F, 0x85, 0x53, 0xFF, 0xFF, 0xFF, 0x0F, 0xB6, 0x4C,
    0x5E, 0xF8, 0x89, 0xC8, 0x04, 0xBF, 0x89, 0xCA, 0x80, 0xCA, 0x20, 0x3C, 0x1A, 0x0F, 0xB6, 0xC2,
    0x0F, 0x43, 0xC1, 0x3C, 0x30, 0x0F, 0x85, 0x35, 0xFF, 0xFF, 0xFF, 0x0F, 0xB6, 0x4C, 0x5E, 0xFA,
    0x89, 0xC8, 0x04, 0xBF, 0x89, 0xCA, 0x80, 0xCA, 0x20, 0x3C, 0x1A, 0x0F, 0xB6, 0xC2, 0x0F, 0x43,
    0xC1, 0x3C, 0x2E, 0x0F, 0x85, 0x17, 0xFF, 0xFF, 0xFF, 0x0F, 0xB6, 0x4C, 0x5E, 0xFC, 0x89, 0xC8,
    0x04, 0xBF, 0x89, 0xCA, 0x80, 0xCA, 0x20, 0x3C, 0x1A, 0x0F, 0xB6, 0xC2, 0x0F, 0x43, 0xC1, 0x3C,
    0x30, 0x0F, 0x85, 0xF9, 0xFE, 0xFF, 0xFF, 0x0F, 0xB6, 0x4C, 0x5E, 0xFE, 0x89, 0xC8, 0x04, 0xBF,
    0x89, 0xCA, 0x80, 0xCA, 0x20, 0x3C, 0x1A, 0x0F, 0xB6, 0xC2, 0x0F, 0x43, 0xC1, 0x3C, 0x2E, 0x0F,
    0x85, 0xDB, 0xFE, 0xFF, 0xFF, 0x0F, 0xB6, 0x0C, 0x5E, 0x89, 0xC8, 0x04, 0xBF, 0x89, 0xCA, 0x80,
    0xCA, 0x20, 0x3C, 0x1A, 0x0F, 0xB6, 0xC2, 0x0F, 0x43, 0xC1, 0x3C, 0x31, 0x0F, 0x85, 0xBE, 0xFE,
    0xFF, 0xFF, 0xC7, 0x44, 0x24, 0x0C, 0x00, 0x00, 0x00, 0x00, 0xE9, 0xA3, 0xFC, 0xFF, 0xFF, 0x8D,
    0x47, 0x01, 0x83, 0xC2, 0x02, 0x3B, 0x7C, 0x24, 0x20, 0x89, 0xC7, 0x74, 0x73, 0x31, 0xF6, 0x90,
    0x0F, 0xB6, 0x4C, 0x72, 0xFE, 0x89, 0xC8, 0x04, 0xBF, 0x88, 0xCC, 0x80, 0xCC, 0x20, 0x3C, 0x1A,
    0x0F, 0xB6, 0xDC, 0x0F, 0x43, 0xD9, 0x0F, 0xB6, 0x8E, 0xDD, 0x62, 0x00, 0x10, 0x89, 0xC8, 0x04,
    0xBF, 0x88, 0xCC, 0x80, 0xCC, 0x20, 0x3C, 0x1A, 0x0F, 0xB6, 0xC4, 0x0F, 0x43, 0xC1, 0x38, 0xC3,
    0x75, 0xBD, 0x0F, 0xB6, 0x0C, 0x72, 0x89, 0xC8, 0x04, 0xBF, 0x88, 0xCC, 0x80, 0xCC, 0x20, 0x3C,
    0x1A, 0x0F, 0xB6, 0xDC, 0x0F, 0x43, 0xD9, 0x0F, 0xB6, 0x8E, 0xDE, 0x62, 0x00, 0x10, 0x89, 0xC8,
    0x04, 0xBF, 0x88, 0xCC, 0x80, 0xCC, 0x20, 0x3C, 0x1A, 0x0F, 0xB6, 0xC4, 0x0F, 0x43, 0xC1, 0x38,
    0xC3, 0x75, 0x8C, 0x83, 0xC6, 0x02, 0x83, 0xFE, 0x10, 0x75, 0x95, 0xBD, 0x01, 0x00, 0x00, 0x00,
    0x66, 0x83, 0x7C, 0x24, 0x18, 0x0E, 0x8B, 0x74, 0x24, 0x10, 0x8B, 0x7C, 0x24, 0x08, 0x0F, 0x83,
    0xCE, 0x02, 0x00, 0x00, 0x31, 0xDB, 0x66, 0x83, 0x7C, 0x24, 0x18, 0x0C, 0x0F, 0x83, 0x9D, 0x03,
    0x00, 0x00, 0x8B, 0x4C, 0x24, 0x0C, 0x0A, 0x4C, 0x24, 0x1C, 0x85, 0xEB, 0x0F, 0x94, 0xC0, 0x84,
    0xC1, 0x8B, 0x44, 0x24, 0x14, 0x0F, 0x85, 0x6D, 0x0E, 0x00, 0x00, 0x83, 0x3D, 0x00, 0x70, 0x00,
    0x10, 0x00, 0x75, 0x1D, 0xA1, 0x00, 0x70, 0x00, 0x10, 0xE9, 0x5A, 0x0E, 0x00, 0x00, 0x66, 0x90,
    0x83, 0x3D, 0x00, 0x70, 0x00, 0x10, 0x00, 0x8B, 0x44, 0x24, 0x14, 0x0F, 0x84, 0x30, 0x04, 0x00,
    0x00, 0x8B, 0x68, 0x0C, 0x85, 0xED, 0x74, 0x14, 0x8B, 0x4D, 0x14, 0x83, 0xC5, 0x14, 0x85, 0xC9,
    0x0F, 0x94, 0xC0, 0x39, 0xE9, 0x0F, 0x94, 0xC2, 0x08, 0xC2, 0x74, 0x0F, 0xA1, 0x08, 0x70, 0x00,
    0x10, 0x85, 0xC0, 0x74, 0xCB, 0x6A, 0x64, 0xFF, 0xD0, 0xEB, 0xC5, 0xBA, 0x81, 0x00, 0x00, 0x00,
    0x4A, 0x74, 0xE9, 0x8B, 0x79, 0x10, 0x8B, 0x71, 0x28, 0x85, 0xFF, 0x0F, 0x94, 0xC0, 0x85, 0xF6,
    0x0F, 0x94, 0xC4, 0x08, 0xC4, 0x0F, 0x85, 0x8E, 0x01, 0x00, 0x00, 0x0F, 0xB7, 0x06, 0x66, 0x85,
    0xC0, 0x0F, 0x84, 0x39, 0x01, 0x00, 0x00, 0x89, 0xC3, 0x80, 0xC3, 0xBF, 0x88, 0xC7, 0x80, 0xCF,
    0x20, 0x80, 0xFB, 0x1A, 0x0F, 0xB6, 0xDF, 0x0F, 0x43, 0xD8, 0x80, 0xFB, 0x73, 0x0F, 0x85, 0x66,
    0x01, 0x00, 0x00, 0x0F, 0xB7, 0x46, 0x02, 0x66, 0x85, 0xC0, 0x0F, 0x84, 0x17, 0x01, 0x00, 0x00,
    0x89, 0xC3, 0x80, 0xC3, 0xBF, 0x88, 0xC7, 0x80, 0xCF, 0x20, 0x80, 0xFB, 0x1A, 0x0F, 0xB6, 0xDF,
    0x0F, 0x43, 0xD8, 0x80, 0xFB, 0x61, 0x0F, 0x85, 0x3D, 0x01, 0x00, 0x00, 0x0F, 0xB7, 0x46, 0x04,
    0x66, 0x85, 0xC0, 0x0F, 0x84, 0xF5, 0x00, 0x00, 0x00, 0x89, 0xC3, 0x80, 0xC3, 0xBF, 0x88, 0xC7,
    0x80, 0xCF, 0x20, 0x80, 0xFB, 0x1A, 0x0F, 0xB6, 0xDF, 0x0F, 0x43, 0xD8, 0x80, 0xFB, 0x6D, 0x0F,
    0x85, 0x14, 0x01, 0x00, 0x00, 0x0F, 0xB7, 0x46, 0x06, 0x66, 0x85, 0xC0, 0x0F, 0x84, 0xD3, 0x00,
    0x00, 0x00, 0x89, 0xC3, 0x80, 0xC3, 0xBF, 0x88, 0xC7, 0x80, 0xCF, 0x20, 0x80, 0xFB, 0x1A, 0x0F,
    0xB6, 0xDF, 0x0F, 0x43, 0xD8, 0x80, 0xFB, 0x70, 0x0F, 0x85, 0xEB, 0x00, 0x00, 0x00, 0x0F, 0xB7,
    0x46, 0x08, 0x66, 0x85, 0xC0, 0x0F, 0x84, 0xB1, 0x00, 0x00, 0x00, 0x89, 0xC3, 0x80, 0xC3, 0xBF,
    0x88, 0xC7, 0x80, 0xCF, 0x20, 0x80, 0xFB, 0x1A, 0x0F, 0xB6, 0xDF, 0x0F, 0x43, 0xD8, 0x80, 0xFB,
    0x2E, 0x0F, 0x85, 0xC2, 0x00, 0x00, 0x00, 0x0F, 0xB7, 0x46, 0x0A, 0x66, 0x85, 0xC0, 0x0F, 0x84,
    0x8F, 0x00, 0x00, 0x00, 0x89, 0xC3, 0x80, 0xC3, 0xBF, 0x88, 0xC7, 0x80, 0xCF, 0x20, 0x80, 0xFB,
    0x1A, 0x0F, 0xB6, 0xDF, 0x0F, 0x43, 0xD8, 0x80, 0xFB, 0x64, 0x0F, 0x85, 0x99, 0x00, 0x00, 0x00,
    0x0F, 0xB7, 0x46, 0x0C, 0x66, 0x85, 0xC0, 0x74, 0x71, 0x89, 0xC3, 0x80, 0xC3, 0xBF, 0x88, 0xC7,
    0x80, 0xCF, 0x20, 0x80, 0xFB, 0x1A, 0x0F, 0xB6, 0xDF, 0x0F, 0x43, 0xD8, 0x80, 0xFB, 0x6C, 0x75,
    0x78, 0x0F, 0xB7, 0x46, 0x0E, 0x66, 0x85, 0xC0, 0x74, 0x57, 0x89, 0xC3, 0x80, 0xC3, 0xBF, 0x88,
    0xC7, 0x80, 0xCF, 0x20, 0x80, 0xFB, 0x1A, 0x0F, 0xB6, 0xDF, 0x0F, 0x43, 0xD8, 0x80, 0xFB, 0x6C,
    0x75, 0x57, 0x66, 0x83, 0x7E, 0x10, 0x00, 0x75, 0x50, 0xBE, 0x6C, 0x62, 0x00, 0x10, 0xEB, 0x40,
    0xBE, 0x64, 0x62, 0x00, 0x10, 0xEB, 0x39, 0xBE, 0x65, 0x62, 0x00, 0x10, 0xEB, 0x32, 0xBE, 0x66,
    0x62, 0x00, 0x10, 0xEB, 0x2B, 0xBE, 0x67, 0x62, 0x00, 0x10, 0xEB, 0x24, 0xBE, 0x68, 0x62, 0x00,
    0x10, 0xEB, 0x1D, 0xBE, 0x69, 0x62, 0x00, 0x10, 0xEB, 0x16, 0xBE, 0x6A, 0x62, 0x00, 0x10, 0xEB,
    0x0F, 0xBE, 0x6B, 0x62, 0x00, 0x10, 0x66, 0x2E, 0x0F, 0x1F, 0x84, 0x00, 0x00, 0x00, 0x00, 0x00,
    0x80, 0x3E, 0x00, 0x0F, 0x84, 0x4F, 0x02, 0x00, 0x00, 0x8B, 0x09, 0x85, 0xC9, 0x0F, 0x84, 0x39,
    0xFE, 0xFF, 0xFF, 0x39, 0xE9, 0x0F, 0x85, 0x45, 0xFE, 0xFF, 0xFF, 0xE9, 0x2C, 0xFE, 0xFF, 0xFF,
    0x83, 0xC7, 0xEF, 0x8B, 0x44, 0x24, 0x10, 0x8D, 0x68, 0x02, 0x31, 0xF6, 0xEB, 0x10, 0x8D, 0x46,
    0x01, 0x83, 0xC5, 0x02, 0x39, 0xFE, 0x89, 0xC6, 0x0F, 0x84, 0x86, 0xFB, 0xFF, 0xFF, 0x31, 0xDB,
    0x0F, 0xB6, 0x4C, 0x5D, 0xFE, 0x89, 0xC8, 0x04, 0xBF, 0x89, 0xCA, 0x80, 0xCA, 0x20, 0x3C, 0x1A,
    0x0F, 0xB6, 0xD2, 0x0F, 0x43, 0xD1, 0x0F, 0xB6, 0x8B, 0xEE, 0x62, 0x00, 0x10, 0x89, 0xC8, 0x04,
    0xBF, 0x88, 0xCC, 0x80, 0xCC, 0x20, 0x3C, 0x1A, 0x0F, 0xB6, 0xC4, 0x0F, 0x43, 0xC1, 0x38, 0xC2,
    0x75, 0xBC, 0x83, 0xFB, 0x10, 0x0F, 0x84, 0x50, 0xFD, 0xFF, 0xFF, 0x0F, 0xB6, 0x4C, 0x5D, 0x00,
    0x89, 0xC8, 0x04, 0xBF, 0x89, 0xCA, 0x80, 0xCA, 0x20, 0x3C, 0x1A, 0x0F, 0xB6, 0xD2, 0x0F, 0x43,
    0xD1, 0x0F, 0xB6, 0x8B, 0xEF, 0x62, 0x00, 0x10, 0x89, 0xC8, 0x04, 0xBF, 0x88, 0xCC, 0x80, 0xCC,
    0x20, 0x3C, 0x1A, 0x0F, 0xB6, 0xC4, 0x0F, 0x43, 0xC1, 0x38, 0xC2, 0x75, 0x81, 0x83, 0xC3, 0x02,
    0xEB, 0x8E, 0xBB, 0x06, 0x00, 0x00, 0x00, 0xEB, 0x10, 0x0F, 0x1F, 0x80, 0x00, 0x00, 0x00, 0x00,
    0x43, 0x39, 0xDF, 0x0F, 0x84, 0x1B, 0xFD, 0xFF, 0xFF, 0x0F, 0xB6, 0x4C, 0x5E, 0xF4, 0x89, 0xC8,
    0x04, 0xBF, 0x89, 0xCA, 0x80, 0xCA, 0x20, 0x3C, 0x1A, 0x0F, 0xB6, 0xC2, 0x0F, 0x43, 0xC1, 0x3C,
    0x2D, 0x75, 0xDD, 0x0F, 0xB6, 0x4C, 0x5E, 0xF6, 0x89, 0xC8, 0x04, 0xBF, 0x89, 0xCA, 0x80, 0xCA,
    0x20, 0x3C, 0x1A, 0x0F, 0xB6, 0xC2, 0x0F, 0x43, 0xC1, 0x3C, 0x70, 0x75, 0xC3, 0x0F, 0xB6, 0x4C,
    0x5E, 0xF8, 0x89, 0xC8, 0x04, 0xBF, 0x89, 0xCA, 0x80, 0xCA, 0x20, 0x3C, 0x1A, 0x0F, 0xB6, 0xC2,
    0x0F, 0x43, 0xC1, 0x3C, 0x20, 0x75, 0xA9, 0x0F, 0xB6, 0x4C, 0x5E, 0xFA, 0x89, 0xC8, 0x04, 0xBF,
    0x89, 0xCA, 0x80, 0xCA, 0x20, 0x3C, 0x1A, 0x0F, 0xB6, 0xC2, 0x0F, 0x43, 0xC1, 0x3C, 0x37, 0x75,
    0x8F, 0x0F, 0xB6, 0x4C, 0x5E, 0xFC, 0x89, 0xC8, 0x04, 0xBF, 0x89, 0xCA, 0x80, 0xCA, 0x20, 0x3C,
    0x1A, 0x0F, 0xB6, 0xC2, 0x0F, 0x43, 0xC1, 0x3C, 0x37, 0x0F, 0x85, 0x71, 0xFF, 0xFF, 0xFF, 0x0F,
    0xB6, 0x4C, 0x5E, 0xFE, 0x89, 0xC8, 0x04, 0xBF, 0x89, 0xCA, 0x80, 0xCA, 0x20, 0x3C, 0x1A, 0x0F,
    0xB6, 0xC2, 0x0F, 0x43, 0xC1, 0x3C, 0x37, 0x0F, 0x85, 0x53, 0xFF, 0xFF, 0xFF, 0x0F, 0xB6, 0x0C,
    0x5E, 0x89, 0xC8, 0x04, 0xBF, 0x89, 0xCA, 0x80, 0xCA, 0x20, 0x3C, 0x1A, 0x0F, 0xB6, 0xC2, 0x0F,
    0x43, 0xC1, 0x3C, 0x32, 0x0F, 0x85, 0x36, 0xFF, 0xFF, 0xFF, 0xE9, 0xBF, 0x00, 0x00, 0x00, 0xBF,
    0x05, 0x00, 0x00, 0x00, 0xEB, 0x15, 0x66, 0x2E, 0x0F, 0x1F, 0x84, 0x00, 0x00, 0x00, 0x00, 0x00,
    0x47, 0x39, 0x7C, 0x24, 0x08, 0x0F, 0x84, 0x47, 0xFC, 0xFF, 0xFF, 0x0F, 0xB6, 0x4C, 0x7E, 0xF6,
    0x89, 0xC8, 0x04, 0xBF, 0x89, 0xCA, 0x80, 0xCA, 0x20, 0x3C, 0x1A, 0x0F, 0xB6, 0xC2, 0x0F, 0x43,
    0xC1, 0x3C, 0x2D, 0x75, 0xDB, 0x0F, 0xB6, 0x4C, 0x7E, 0xF8, 0x89, 0xC8, 0x04, 0xBF, 0x89, 0xCA,
    0x80, 0xCA, 0x20, 0x3C, 0x1A, 0x0F, 0xB6, 0xC2, 0x0F, 0x43, 0xC1, 0x3C, 0x70, 0x75, 0xC1, 0x0F,
    0xB6, 0x4C, 0x7E, 0xFA, 0x89, 0xC8, 0x04, 0xBF, 0x89, 0xCA, 0x80, 0xCA, 0x20, 0x3C, 0x1A, 0x0F,
    0xB6, 0xC2, 0x0F, 0x43, 0xC1, 0x3C, 0x37, 0x75, 0xA7, 0x0F, 0xB6, 0x4C, 0x7E, 0xFC, 0x89, 0xC8,
    0x04, 0xBF, 0x89, 0xCA, 0x80, 0xCA, 0x20, 0x3C, 0x1A, 0x0F, 0xB6, 0xC2, 0x0F, 0x43, 0xC1, 0x3C,
    0x37, 0x75, 0x8D, 0x0F, 0xB6, 0x4C, 0x7E, 0xFE, 0x89, 0xC8, 0x04, 0xBF, 0x89, 0xCA, 0x80, 0xCA,
    0x20, 0x3C, 0x1A, 0x0F, 0xB6, 0xC2, 0x0F, 0x43, 0xC1, 0x3C, 0x37, 0x0F, 0x85, 0x6F, 0xFF, 0xFF,
    0xFF, 0x0F, 0xB6, 0x0C, 0x7E, 0x89, 0xC8, 0x04, 0xBF, 0x89, 0xCA, 0x80, 0xCA, 0x20, 0x3C, 0x1A,
    0x0F, 0xB6, 0xC2, 0x0F, 0x43, 0xC1, 0x3C, 0x32, 0x0F, 0x85, 0x52, 0xFF, 0xFF, 0xFF, 0xBB, 0x01,
    0x00, 0x00, 0x00, 0xE9, 0x9A, 0xFB, 0xFF, 0xFF, 0xA1, 0x00, 0x70, 0x00, 0x10, 0xB0, 0x01, 0xEB,
    0x04, 0x31, 0xFF, 0x31, 0xC0, 0x8B, 0x0D, 0x00, 0x70, 0x00, 0x10, 0x84, 0xC0, 0x0F, 0x84, 0x05,
    0x0A, 0x00, 0x00, 0x85, 0xC9, 0x0F, 0x84, 0xFD, 0x09, 0x00, 0x00, 0x66, 0x81, 0x3F, 0x4D, 0x5A,
    0x0F, 0x85, 0xF2, 0x09, 0x00, 0x00, 0x8B, 0x47, 0x3C, 0x81, 0x3C, 0x07, 0x50, 0x45, 0x00, 0x00,
    0x0F, 0x85, 0xE2, 0x09, 0x00, 0x00, 0x81, 0x7C, 0x07, 0x08, 0x7A, 0xF4, 0x42, 0x55, 0x0F, 0x85,
    0xD4, 0x09, 0x00, 0x00, 0x80, 0xBF, 0xA0, 0xD7, 0x05, 0x00, 0x8B, 0x0F, 0x85, 0xC7, 0x09, 0x00,
    0x00, 0x80, 0xBF, 0xA1, 0xD7, 0x05, 0x00, 0x41, 0x0F, 0x85, 0xBA, 0x09, 0x00, 0x00, 0x80, 0xBF,
    0xA2, 0xD7, 0x05, 0x00, 0x08, 0x0F, 0x85, 0xAD, 0x09, 0x00, 0x00, 0x80, 0xBF, 0xA3, 0xD7, 0x05,
    0x00, 0xC3, 0x0F, 0x85, 0xA0, 0x09, 0x00, 0x00, 0x80, 0xBF, 0xE0, 0x57, 0x06, 0x00, 0x83, 0x0F,
    0x85, 0x93, 0x09, 0x00, 0x00, 0x80, 0xBF, 0xE1, 0x57, 0x06, 0x00, 0xEC, 0x0F, 0x85, 0x86, 0x09,
    0x00, 0x00, 0x80, 0xBF, 0xE2, 0x57, 0x06, 0x00, 0x10, 0x0F, 0x85, 0x79, 0x09, 0x00, 0x00, 0x80,
    0xBF, 0xE3, 0x57, 0x06, 0x00, 0x56, 0x0F, 0x85, 0x6C, 0x09, 0x00, 0x00, 0x0F, 0xB6, 0x8F, 0x7D,
    0xDA, 0x05, 0x00, 0x83, 0xF9, 0x0B, 0x74, 0x09, 0x83, 0xF9, 0x08, 0x0F, 0x85, 0x57, 0x09, 0x00,
    0x00, 0x89, 0x3D, 0x18, 0x70, 0x00, 0x10, 0xC7, 0x05, 0x1C, 0x70, 0x00, 0x10, 0x00, 0x00, 0x00,
    0x00, 0xC7, 0x04, 0x24, 0x00, 0x00, 0x00, 0x00, 0xC7, 0x44, 0x24, 0x04, 0x00, 0x00, 0x00, 0x00,
    0xA1, 0x10, 0x70, 0x00, 0x10, 0x85, 0xC0, 0x74, 0x2E, 0x80, 0xF9, 0x08, 0x75, 0x29, 0x8D, 0xB7,
    0x7D, 0xDA, 0x05, 0x00, 0x89, 0xE1, 0x51, 0x6A, 0x40, 0x6A, 0x01, 0x56, 0xFF, 0xD0, 0x85, 0xC0,
    0x74, 0x15, 0xC6, 0x06, 0x0B, 0x8D, 0x44, 0x24, 0x04, 0x50, 0xFF, 0x74, 0x24, 0x04, 0x6A, 0x01,
    0x56, 0xFF, 0x15, 0x10, 0x70, 0x00, 0x10, 0x8B, 0xB7, 0xE4, 0xA0, 0x21, 0x00, 0x85, 0xF6, 0x74,
    0x4F, 0x83, 0x3D, 0x20, 0x70, 0x00, 0x10, 0x00, 0x75, 0x46, 0x81, 0xC6, 0xAA, 0x62, 0x00, 0x00,
    0xBB, 0x9C, 0xFF, 0xFF, 0xFF, 0xEB, 0x14, 0x55, 0x50, 0x56, 0xE8, 0x91, 0x0F, 0x00, 0x00, 0x83,
    0xC4, 0x0C, 0x81, 0xC6, 0x04, 0xFF, 0xFF, 0xFF, 0x43, 0x74, 0x25, 0x8B, 0x8E, 0xEC, 0x00, 0x00,
    0x00, 0x8B, 0x86, 0xF0, 0x00, 0x00, 0x00, 0x8B, 0xAE, 0xF4, 0x00, 0x00, 0x00, 0x85, 0xC9, 0x74,
    0xE1, 0x8D, 0x56, 0x1C, 0x80, 0x3E, 0x00, 0x75, 0xCE, 0x80, 0x3A, 0x00, 0x75, 0xC9, 0xEB, 0xD2,
    0xC7, 0x04, 0x24, 0x00, 0x00, 0x00, 0x00, 0xC7, 0x44, 0x24, 0x04, 0x00, 0x00, 0x00, 0x00, 0xA1,
    0x10, 0x70, 0x00, 0x10, 0x85, 0xC0, 0x0F, 0x84, 0xDA, 0x00, 0x00, 0x00, 0x83, 0x3D, 0x30, 0x90,
    0x06, 0x10, 0x00, 0x0F, 0x85, 0xCD, 0x00, 0x00, 0x00, 0x80, 0xBF, 0x10, 0x40, 0x06, 0x00, 0x55,
    0x0F, 0x85, 0xC0, 0x00, 0x00, 0x00, 0x80, 0xBF, 0x11, 0x40, 0x06, 0x00, 0x56, 0x0F, 0x85, 0xB3,
    0x00, 0x00, 0x00, 0x80, 0xBF, 0x12, 0x40, 0x06, 0x00, 0x8B, 0x0F, 0x85, 0xA6, 0x00, 0x00, 0x00,
    0x80, 0xBF, 0x13, 0x40, 0x06, 0x00, 0xE9, 0x0F, 0x85, 0x99, 0x00, 0x00, 0x00, 0x80, 0xBF, 0x14,
    0x40, 0x06, 0x00, 0x57, 0x0F, 0x85, 0x8C, 0x00, 0x00, 0x00, 0xC7, 0x05, 0x34, 0x90, 0x06, 0x10,
    0x55, 0x56, 0x8B, 0xE9, 0x66, 0xC7, 0x05, 0x38, 0x90, 0x06, 0x10, 0x57, 0xE9, 0x8D, 0xB7, 0x15,
    0x40, 0x06, 0x00, 0xB9, 0x3E, 0x90, 0x06, 0x10, 0x89, 0xF2, 0x29, 0xCA, 0x89, 0x15, 0x3A, 0x90,
    0x06, 0x10, 0x89, 0xE5, 0x55, 0x6A, 0x40, 0x6A, 0x10, 0x68, 0x34, 0x90, 0x06, 0x10, 0xFF, 0xD0,
    0x85, 0xC0, 0x74, 0x52, 0x8D, 0x9F, 0x10, 0x40, 0x06, 0x00, 0xC7, 0x05, 0x30, 0x90, 0x06, 0x10,
    0x34, 0x90, 0x06, 0x10, 0x55, 0x6A, 0x40, 0x6A, 0x05, 0x53, 0xFF, 0x15, 0x10, 0x70, 0x00, 0x10,
    0x85, 0xC0, 0x74, 0x28, 0xC6, 0x87, 0x10, 0x40, 0x06, 0x00, 0xE9, 0xB8, 0xA0, 0x2F, 0x00, 0x10,
    0x29, 0xF0, 0x89, 0x87, 0x11, 0x40, 0x06, 0x00, 0x8D, 0x44, 0x24, 0x04, 0x50, 0xFF, 0x74, 0x24,
    0x04, 0x6A, 0x05, 0x53, 0xFF, 0x15, 0x10, 0x70, 0x00, 0x10, 0xEB, 0x0A, 0xC7, 0x05, 0x30, 0x90,
    0x06, 0x10, 0x00, 0x00, 0x00, 0x00, 0xC7, 0x04, 0x24, 0x00, 0x00, 0x00, 0x00, 0xC7, 0x44, 0x24,
    0x04, 0x00, 0x00, 0x00, 0x00, 0x8B, 0x0D, 0x10, 0x70, 0x00, 0x10, 0x85, 0xC9, 0x0F, 0x84, 0xC8,
    0x02, 0x00, 0x00, 0x8D, 0xB7, 0x70, 0x3D, 0x06, 0x00, 0x0F, 0xB6, 0x06, 0x85, 0xC0, 0x74, 0x12,
    0x3D, 0xC3, 0x00, 0x00, 0x00, 0x74, 0x0B, 0x3D, 0xCC, 0x00, 0x00, 0x00, 0x0F, 0x85, 0xD0, 0x01,
    0x00, 0x00, 0xC7, 0x04, 0x24, 0x00, 0x00, 0x00, 0x00, 0xC7, 0x44, 0x24, 0x04, 0x00, 0x00, 0x00,
    0x00, 0x0F, 0xB6, 0x87, 0x30, 0x42, 0x06, 0x00, 0x85, 0xC0, 0x74, 0x12, 0x3D, 0xC3, 0x00, 0x00,
    0x00, 0x74, 0x0B, 0x3D, 0xCC, 0x00, 0x00, 0x00, 0x0F, 0x85, 0xEB, 0x01, 0x00, 0x00, 0xC7, 0x04,
    0x24, 0x00, 0x00, 0x00, 0x00, 0xC7, 0x44, 0x24, 0x04, 0x00, 0x00, 0x00, 0x00, 0x0F, 0xB6, 0x87,
    0x00, 0x43, 0x06, 0x00, 0x85, 0xC0, 0x74, 0x12, 0x3D, 0xC3, 0x00, 0x00, 0x00, 0x74, 0x0B, 0x3D,
    0xCC, 0x00, 0x00, 0x00, 0x0F, 0x85, 0x09, 0x02, 0x00, 0x00, 0xC7, 0x04, 0x24, 0x00, 0x00, 0x00,
    0x00, 0xC7, 0x44, 0x24, 0x04, 0x00, 0x00, 0x00, 0x00, 0x83, 0x3D, 0x44, 0x90, 0x06, 0x10, 0x00,
    0x74, 0x11, 0xC7, 0x04, 0x24, 0x00, 0x00, 0x00, 0x00, 0xC7, 0x44, 0x24, 0x04, 0x00, 0x00, 0x00,
    0x00, 0xEB, 0x57, 0x80, 0xBF, 0xD0, 0x3C, 0x06, 0x00, 0x64, 0x75, 0x31, 0x80, 0xBF, 0xD1, 0x3C,
    0x06, 0x00, 0xA1, 0x75, 0x28, 0x80, 0xBF, 0xD2, 0x3C, 0x06, 0x00, 0x00, 0x75, 0x1F, 0x80, 0xBF,
    0xD3, 0x3C, 0x06, 0x00, 0x00, 0x75, 0x16, 0x80, 0xBF, 0xD4, 0x3C, 0x06, 0x00, 0x00, 0x75, 0x0D,
    0x80, 0xBF, 0xD5, 0x3C, 0x06, 0x00, 0x00, 0x0F, 0x84, 0x55, 0x09, 0x00, 0x00, 0x8B, 0x0D, 0x10,
    0x70, 0x00, 0x10, 0xC7, 0x04, 0x24, 0x00, 0x00, 0x00, 0x00, 0xC7, 0x44, 0x24, 0x04, 0x00, 0x00,
    0x00, 0x00, 0x85, 0xC9, 0x0F, 0x84, 0xD1, 0x01, 0x00, 0x00, 0x83, 0x3D, 0x58, 0x90, 0x06, 0x10,
    0x00, 0x0F, 0x85, 0xC4, 0x01, 0x00, 0x00, 0x8D, 0x9F, 0xE0, 0x57, 0x06, 0x00, 0x80, 0x3B, 0x83,
    0x0F, 0x85, 0xB5, 0x01, 0x00, 0x00, 0x80, 0xBF, 0xE1, 0x57, 0x06, 0x00, 0xEC, 0x0F, 0x85, 0xA8,
    0x01, 0x00, 0x00, 0x80, 0xBF, 0xE2, 0x57, 0x06, 0x00, 0x10, 0x0F, 0x85, 0x9B, 0x01, 0x00, 0x00,
    0x80, 0xBF, 0xE3, 0x57, 0x06, 0x00, 0x56, 0x0F, 0x85, 0x8E, 0x01, 0x00, 0x00, 0x80, 0xBF, 0xE4,
    0x57, 0x06, 0x00, 0x8B, 0x0F, 0x85, 0x81, 0x01, 0x00, 0x00, 0x80, 0xBF, 0xE5, 0x57, 0x06, 0x00,
    0xF1, 0x0F, 0x85, 0x74, 0x01, 0x00, 0x00, 0xC7, 0x05, 0x5C, 0x90, 0x06, 0x10, 0x83, 0xEC, 0x10,
    0x56, 0x66, 0xC7, 0x05, 0x60, 0x90, 0x06, 0x10, 0x8B, 0xF1, 0xC6, 0x05, 0x62, 0x90, 0x06, 0x10,
    0xE9, 0xB8, 0x67, 0x90, 0x06, 0x10, 0x89, 0xFA, 0x29, 0xC2, 0x81, 0xC2, 0xE6, 0x57, 0x06, 0x00,
    0x89, 0x15, 0x63, 0x90, 0x06, 0x10, 0x89, 0xE6, 0x56, 0x6A, 0x40, 0x6A, 0x10, 0x68, 0x5C, 0x90,
    0x06, 0x10, 0xFF, 0xD1, 0x85, 0xC0, 0x0F, 0x84, 0x2F, 0x01, 0x00, 0x00, 0xC7, 0x05, 0x58, 0x90,
    0x06, 0x10, 0x5C, 0x90, 0x06, 0x10, 0x56, 0x6A, 0x40, 0x6A, 0x06, 0x53, 0xFF, 0x15, 0x10, 0x70,
    0x00, 0x10, 0x85, 0xC0, 0x0F, 0x84, 0x15, 0x09, 0x00, 0x00, 0x8D, 0x87, 0xE5, 0x57, 0x06, 0x00,
    0xC6, 0x87, 0xE0, 0x57, 0x06, 0x00, 0xE9, 0xB9, 0x20, 0x30, 0x00, 0x10, 0x29, 0xC1, 0x89, 0x8F,
    0xE1, 0x57, 0x06, 0x00, 0xC6, 0x87, 0xE5, 0x57, 0x06, 0x00, 0x90, 0x8D, 0x44, 0x24, 0x04, 0x50,
    0xFF, 0x74, 0x24, 0x04, 0x6A, 0x06, 0x53, 0xFF, 0x15, 0x10, 0x70, 0x00, 0x10, 0xE9, 0xD9, 0x00,
    0x00, 0x00, 0x89, 0xE0, 0x50, 0x6A, 0x40, 0x6A, 0x01, 0x56, 0xFF, 0xD1, 0x8B, 0x0D, 0x10, 0x70,
    0x00, 0x10, 0x85, 0xC0, 0x74, 0x17, 0xC6, 0x06, 0xC3, 0x8D, 0x44, 0x24, 0x04, 0x50, 0xFF, 0x74,
    0x24, 0x04, 0x6A, 0x01, 0x56, 0xFF, 0xD1, 0x8B, 0x0D, 0x10, 0x70, 0x00, 0x10, 0xC7, 0x04, 0x24,
    0x00, 0x00, 0x00, 0x00, 0xC7, 0x44, 0x24, 0x04, 0x00, 0x00, 0x00, 0x00, 0x85, 0xC9, 0x0F, 0x85,
    0xFD, 0xFD, 0xFF, 0xFF, 0xE9, 0x92, 0x00, 0x00, 0x00, 0x8D, 0xB7, 0x30, 0x42, 0x06, 0x00, 0x89,
    0xE0, 0x50, 0x6A, 0x40, 0x6A, 0x01, 0x56, 0xFF, 0xD1, 0x8B, 0x0D, 0x10, 0x70, 0x00, 0x10, 0x85,
    0xC0, 0x74, 0x17, 0xC6, 0x06, 0xC3, 0x8D, 0x44, 0x24, 0x04, 0x50, 0xFF, 0x74, 0x24, 0x04, 0x6A,
    0x01, 0x56, 0xFF, 0xD1, 0x8B, 0x0D, 0x10, 0x70, 0x00, 0x10, 0xC7, 0x04, 0x24, 0x00, 0x00, 0x00,
    0x00, 0xC7, 0x44, 0x24, 0x04, 0x00, 0x00, 0x00, 0x00, 0x85, 0xC9, 0x0F, 0x85, 0xDC, 0xFD, 0xFF,
    0xFF, 0xEB, 0x48, 0x8D, 0xB7, 0x00, 0x43, 0x06, 0x00, 0x89, 0xE0, 0x50, 0x6A, 0x40, 0x6A, 0x01,
    0x56, 0xFF, 0xD1, 0x8B, 0x0D, 0x10, 0x70, 0x00, 0x10, 0x85, 0xC0, 0x74, 0x17, 0xC6, 0x06, 0xC3,
    0x8D, 0x44, 0x24, 0x04, 0x50, 0xFF, 0x74, 0x24, 0x04, 0x6A, 0x01, 0x56, 0xFF, 0xD1, 0x8B, 0x0D,
    0x10, 0x70, 0x00, 0x10, 0xC7, 0x04, 0x24, 0x00, 0x00, 0x00, 0x00, 0xC7, 0x44, 0x24, 0x04, 0x00,
    0x00, 0x00, 0x00, 0x85, 0xC9, 0x0F, 0x85, 0xBE, 0xFD, 0xFF, 0xFF, 0xC7, 0x04, 0x24, 0x00, 0x00,
    0x00, 0x00, 0xC7, 0x44, 0x24, 0x04, 0x00, 0x00, 0x00, 0x00, 0xA1, 0x10, 0x70, 0x00, 0x10, 0x85,
    0xC0, 0x74, 0x43, 0x83, 0x3D, 0xFC, 0x90, 0x06, 0x10, 0x00, 0x75, 0x3A, 0x80, 0xBF, 0x30, 0x5B,
    0x06, 0x00, 0x8B, 0x75, 0x31, 0x80, 0xBF, 0x31, 0x5B, 0x06, 0x00, 0x81, 0x75, 0x28, 0x80, 0xBF,
    0x32, 0x5B, 0x06, 0x00, 0xE0, 0x75, 0x1F, 0x80, 0xBF, 0x33, 0x5B, 0x06, 0x00, 0x14, 0x75, 0x16,
    0x80, 0xBF, 0x34, 0x5B, 0x06, 0x00, 0x00, 0x75, 0x0D, 0x80, 0xBF, 0x35, 0x5B, 0x06, 0x00, 0x00,
    0x0F, 0x84, 0x60, 0x06, 0x00, 0x00, 0x8B, 0x44, 0x24, 0x14, 0x8B, 0x48, 0x0C, 0x85, 0xC9, 0x74,
    0x1E, 0x89, 0xC8, 0x8B, 0x70, 0x14, 0x83, 0xC1, 0x14, 0x85, 0xF6, 0x0F, 0x94, 0xC0, 0x89, 0x4C,
    0x24, 0x10, 0x39, 0xCE, 0x0F, 0x94, 0xC1, 0x08, 0xC1, 0x0F, 0x84, 0x55, 0x04, 0x00, 0x00, 0x83,
    0x3D, 0x00, 0x70, 0x00, 0x10, 0x00, 0x0F, 0x84, 0x3C, 0x04, 0x00, 0x00, 0x8B, 0x87, 0xE4, 0xA0,
    0x21, 0x00, 0x85, 0xC0, 0x0F, 0x84, 0xC4, 0x03, 0x00, 0x00, 0x8D, 0x88, 0x32, 0x01, 0x00, 0x00,
    0x89, 0x4C, 0x24, 0x14, 0x8D, 0x88, 0x66, 0x01, 0x00, 0x00, 0x89, 0x44, 0x24, 0x0C, 0x05, 0x53,
    0x01, 0x00, 0x00, 0xB2, 0x01, 0x89, 0x54, 0x24, 0x1C, 0x31, 0xDB, 0xC7, 0x44, 0x24, 0x18, 0x00,
    0x00, 0x00, 0x00, 0x89, 0x4C, 0x24, 0x20, 0x89, 0x44, 0x24, 0x24, 0x69, 0xD3, 0xFC, 0x00, 0x00,
    0x00, 0x8D, 0x2C, 0x11, 0x01, 0xC2, 0x89, 0x54, 0x24, 0x08, 0xEB, 0x4A, 0xC6, 0x46, 0x04, 0x00,
    0xC6, 0x46, 0x20, 0x00, 0xC7, 0x86, 0xF0, 0x00, 0x00, 0x00, 0x00, 0x00, 0x00, 0x00, 0xC7, 0x86,
    0xF4, 0x00, 0x00, 0x00, 0x00, 0x00, 0x00, 0x00, 0xC7, 0x86, 0xF8, 0x00, 0x00, 0x00, 0x00, 0x00,
    0x00, 0x00, 0xC7, 0x44, 0x24, 0x18, 0x01, 0x00, 0x00, 0x00, 0x8B, 0x5C, 0x24, 0x10, 0x43, 0x81,
    0xC5, 0xFC, 0x00, 0x00, 0x00, 0x81, 0x44, 0x24, 0x08, 0xFC, 0x00, 0x00, 0x00, 0x83, 0xFB, 0x64,
    0x0F, 0x84, 0x60, 0x01, 0x00, 0x00, 0x69, 0xF3, 0xFC, 0x00, 0x00, 0x00, 0x03, 0x74, 0x24, 0x14,
    0x31, 0xD2, 0xEB, 0x12, 0x85, 0xC0, 0x0F, 0x84, 0xB6, 0x00, 0x00, 0x00, 0x42, 0x83, 0xFA, 0x7C,
    0x0F, 0x84, 0xAC, 0x00, 0x00, 0x00, 0x0F, 0xB6, 0x44, 0x15, 0xEC, 0x83, 0xF8, 0x23, 0x75, 0xE4,
    0x80, 0x7C, 0x15, 0xED, 0x48, 0x75, 0xE5, 0x80, 0x7C, 0x15, 0xEE, 0x43, 0x75, 0xDE, 0x80, 0x7C,
    0x15, 0xEF, 0x52, 0x75, 0xD7, 0x80, 0x7C, 0x15, 0xF0, 0x50, 0x75, 0xD0, 0x80, 0x7C, 0x15, 0xF1,
    0x3A, 0x75, 0xC9, 0x80, 0x7C, 0x15, 0xF2, 0x48, 0x75, 0xC2, 0x80, 0x7C, 0x15, 0xF3, 0x55, 0x75,
    0xBB, 0x80, 0x7C, 0x15, 0xF4, 0x44, 0x75, 0xB4, 0x80, 0x7C, 0x15, 0xF5, 0x3A, 0x75, 0xAD, 0x80,
    0x7C, 0x15, 0xF6, 0x4C, 0x75, 0xA6, 0x80, 0x7C, 0x15, 0xF7, 0x4F, 0x75, 0x9F, 0x80, 0x7C, 0x15,
    0xF8, 0x43, 0x75, 0x98, 0x80, 0x7C, 0x15, 0xF9, 0x4B, 0x75, 0x91, 0x80, 0x7C, 0x15, 0xFA, 0x3A,
    0x75, 0x8A, 0x80, 0x7C, 0x15, 0xFB, 0x39, 0x75, 0x83, 0x80, 0x7C, 0x15, 0xFC, 0x33, 0x0F, 0x85,
    0x78, 0xFF, 0xFF, 0xFF, 0x80, 0x7C, 0x15, 0xFD, 0x41, 0x0F, 0x85, 0x6D, 0xFF, 0xFF, 0xFF, 0x80,
    0x7C, 0x15, 0xFE, 0x31, 0x0F, 0x85, 0x62, 0xFF, 0xFF, 0xFF, 0x80, 0x7C, 0x15, 0xFF, 0x37, 0x0F,
    0x85, 0x57, 0xFF, 0xFF, 0xFF, 0x80, 0x7C, 0x15, 0x00, 0x23, 0x0F, 0x85, 0x4C, 0xFF, 0xFF, 0xFF,
    0xEB, 0x52, 0x89, 0x5C, 0x24, 0x10, 0x31, 0xD2, 0x8B, 0x5C, 0x24, 0x08, 0xEB, 0x0B, 0x42, 0x43,
    0x83, 0xFA, 0x7B, 0x0F, 0x84, 0x01, 0xFF, 0xFF, 0xFF, 0x80, 0x7C, 0x16, 0x20, 0x00, 0x0F, 0x84,
    0xF6, 0xFE, 0xFF, 0xFF, 0x31, 0xC0, 0x0F, 0xB6, 0x4C, 0x03, 0xFF, 0x84, 0xC9, 0x74, 0xDF, 0x3A,
    0x88, 0x24, 0x63, 0x00, 0x10, 0x75, 0xD7, 0x0F, 0xB6, 0x0C, 0x03, 0x84, 0xC9, 0x74, 0xCF, 0x3A,
    0x88, 0x25, 0x63, 0x00, 0x10, 0x75, 0xC7, 0x83, 0xC0, 0x02, 0x83, 0xF8, 0x16, 0x75, 0xD7, 0xE9,
    0x98, 0xFE, 0xFF, 0xFF, 0xC6, 0x46, 0x04, 0x00, 0xC6, 0x46, 0x20, 0x00, 0xC7, 0x86, 0xF0, 0x00,
    0x00, 0x00, 0x00, 0x00, 0x00, 0x00, 0xC7, 0x86, 0xF4, 0x00, 0x00, 0x00, 0x00, 0x00, 0x00, 0x00,
    0xC7, 0x86, 0xF8, 0x00, 0x00, 0x00, 0x00, 0x00, 0x00, 0x00, 0x43, 0xC7, 0x44, 0x24, 0x1C, 0x00,
    0x00, 0x00, 0x00, 0x83, 0xFB, 0x64, 0x8B, 0x4C, 0x24, 0x20, 0x8B, 0x44, 0x24, 0x24, 0x0F, 0x85,
    0x47, 0xFE, 0xFF, 0xFF, 0xEB, 0x07, 0xF6, 0x44, 0x24, 0x1C, 0x01, 0x75, 0x0A, 0xC7, 0x05, 0x1C,
    0x70, 0x00, 0x10, 0x00, 0x00, 0x00, 0x00, 0x83, 0x7C, 0x24, 0x18, 0x00, 0x74, 0x0A, 0xC7, 0x05,
    0x1C, 0x70, 0x00, 0x10, 0x01, 0x00, 0x00, 0x00, 0x83, 0x3D, 0x20, 0x70, 0x00, 0x10, 0x00, 0x0F,
    0x84, 0xC5, 0x01, 0x00, 0x00, 0x8B, 0x87, 0xE8, 0xA0, 0x21, 0x00, 0x85, 0xC0, 0x0F, 0x84, 0xA1,
    0x01, 0x00, 0x00, 0x8B, 0x4C, 0x24, 0x0C, 0x83, 0x79, 0x08, 0x00, 0x74, 0x0B, 0x8B, 0x4C, 0x24,
    0x0C, 0xC7, 0x41, 0x08, 0x00, 0x00, 0x00, 0x00, 0x8B, 0x15, 0x48, 0x70, 0xC1, 0x00, 0x89, 0xD1,
    0x81, 0xC2, 0x1F, 0xEF, 0xFF, 0xFF, 0x81, 0xFA, 0xFF, 0xF0, 0xFF, 0xFF, 0x0F, 0x82, 0x28, 0x01,
    0x00, 0x00, 0x89, 0x4C, 0x24, 0x08, 0xF3, 0x0F, 0x2A, 0xC1, 0xF3, 0x0F, 0x5E, 0x05, 0x8C, 0x60,
    0x00, 0x10, 0x8B, 0x74, 0x24, 0x0C, 0x8B, 0x16, 0x83, 0xFA, 0x14, 0xB9, 0x14, 0x00, 0x00, 0x00,
    0x0F, 0x43, 0xD1, 0x83, 0xFA, 0x06, 0xB9, 0x05, 0x00, 0x00, 0x00, 0x0F, 0x42, 0xD1, 0x8B, 0xB6,
    0xE6, 0x63, 0x00, 0x00, 0x0F, 0x28, 0xC8, 0xF3, 0x0F, 0x59, 0x0D, 0x90, 0x60, 0x00, 0x10, 0x0F,
    0x28, 0xD1, 0xF3, 0x0F, 0x10, 0x2D, 0x94, 0x60, 0x00, 0x10, 0xF3, 0x0F, 0x5C, 0xD5, 0xF3, 0x0F,
    0x2C, 0xDA, 0xF3, 0x0F, 0x2C, 0xC9, 0x89, 0xCD, 0xC1, 0xFD, 0x1F, 0x21, 0xDD, 0x09, 0xCD, 0x8D,
    0x4E, 0xD7, 0x83, 0xF9, 0xE1, 0x0F, 0x43, 0xEE, 0x0F, 0x28, 0xD8, 0xF3, 0x0F, 0x59, 0x1D, 0x98,
    0x60, 0x00, 0x10, 0x0F, 0x28, 0x15, 0xD0, 0x60, 0x00, 0x10, 0x0F, 0x14, 0xD3, 0x66, 0x0F, 0x6E,
    0xDD, 0x66, 0x0F, 0xEB, 0x1D, 0xA0, 0x60, 0x00, 0x10, 0xF2, 0x0F, 0x5C, 0x1D, 0xB0, 0x60, 0x00,
    0x10, 0xF2, 0x0F, 0x5A, 0xDB, 0x0F, 0x28, 0xE0, 0xF3, 0x0F, 0x59, 0x25, 0xB8, 0x60, 0x00, 0x10,
    0xF3, 0x0F, 0x58, 0xE3, 0x0F, 0x28, 0xD8, 0xF3, 0x0F, 0x59, 0x1D, 0xBC, 0x60, 0x00, 0x10, 0x0F,
    0x14, 0xDC, 0x0F, 0x28, 0xE0, 0x0F, 0xC6, 0xE0, 0x00, 0x0F, 0x59, 0x25, 0xC0, 0x60, 0x00, 0x10,
    0x0F, 0x5D, 0xE3, 0x0F, 0xC2, 0xDA, 0x01, 0x0F, 0x54, 0xD3, 0x0F, 0x55, 0xDC, 0x0F, 0x56, 0xDA,
    0x0F, 0x57, 0xD2, 0xF3, 0x0F, 0x2A, 0xD2, 0x66, 0x0F, 0x70, 0xE3, 0x55, 0xF3, 0x0F, 0x58, 0xE3,
    0xF3, 0x0F, 0x59, 0xE2, 0xF3, 0x0F, 0x58, 0xE1, 0xF3, 0x0F, 0x59, 0x05, 0xE0, 0x60, 0x00, 0x10,
    0xF3, 0x0F, 0x58, 0xC4, 0xF3, 0x0F, 0x2C, 0xC8, 0xF3, 0x0F, 0x5C, 0xC5, 0xF3, 0x0F, 0x2C, 0xD0,
    0x89, 0xCE, 0xC1, 0xFE, 0x1F, 0x21, 0xF2, 0x09, 0xCA, 0x83, 0xFA, 0x29, 0xB9, 0x28, 0x00, 0x00,
    0x00, 0x0F, 0x42, 0xD1, 0x8B, 0x4C, 0x24, 0x08, 0x39, 0xCA, 0x8D, 0x49, 0xD8, 0x0F, 0x42, 0xCA,
    0x8B, 0x54, 0x24, 0x0C, 0x89, 0x8A, 0x2E, 0x01, 0x00, 0x00, 0x8B, 0x4C, 0x24, 0x0C, 0x8B, 0x89,
    0x1E, 0x01, 0x00, 0x00, 0x85, 0xC9, 0x74, 0x12, 0xC6, 0x41, 0x04, 0x00, 0xC7, 0x41, 0x08, 0x80,
    0xC1, 0xFF, 0xFF, 0xC7, 0x41, 0x0C, 0x80, 0xC1, 0xFF, 0xFF, 0x83, 0xB8, 0xE0, 0x14, 0x00, 0x00,
    0x00, 0x74, 0x21, 0x8B, 0x40, 0x08, 0x85, 0xC0, 0x74, 0x1A, 0xC6, 0x40, 0x04, 0x00, 0xC7, 0x40,
    0x08, 0x80, 0xC1, 0xFF, 0xFF, 0xC7, 0x40, 0x0C, 0x80, 0xC1, 0xFF, 0xFF, 0xEB, 0x06, 0x8B, 0x87,
    0xE8, 0xA0, 0x21, 0x00, 0xA1, 0x08, 0x70, 0x00, 0x10, 0x85, 0xC0, 0x0F, 0x84, 0x0E, 0xFC, 0xFF,
    0xFF, 0x6A, 0x05, 0xFF, 0xD0, 0xE9, 0x05, 0xFC, 0xFF, 0xFF, 0x8B, 0x44, 0x24, 0x0C, 0x8D, 0xB0,
    0xAA, 0x62, 0x00, 0x00, 0xBB, 0x9C, 0xFF, 0xFF, 0xFF, 0xEB, 0x18, 0x55, 0x50, 0x56, 0xE8, 0xED,
    0x06, 0x00, 0x00, 0x83, 0xC4, 0x0C, 0x81, 0xC6, 0x04, 0xFF, 0xFF, 0xFF, 0x43, 0x0F, 0x84, 0x12,
    0xFE, 0xFF, 0xFF, 0x8B, 0x8E, 0xEC, 0x00, 0x00, 0x00, 0x8B, 0x86, 0xF0, 0x00, 0x00, 0x00, 0x8B,
    0xAE, 0xF4, 0x00, 0x00, 0x00, 0x85, 0xC9, 0x74, 0xDD, 0x8D, 0x56, 0x1C, 0x80, 0x3E, 0x00, 0x75,
    0xCA, 0x80, 0x3A, 0x00, 0x75, 0xC5, 0xEB, 0xCE, 0x31, 0xC0, 0x83, 0xC4, 0x28, 0x5E, 0x5F, 0x5B,
    0x5D, 0xC2, 0x04, 0x00, 0xC7, 0x44, 0x24, 0x08, 0x00, 0x00, 0x00, 0x00, 0x81, 0x7C, 0x24, 0x08,
    0x80, 0x00, 0x00, 0x00, 0x0F, 0x84, 0x95, 0xFB, 0xFF, 0xFF, 0x8B, 0x46, 0x10, 0x8B, 0x5E, 0x28,
    0x89, 0x44, 0x24, 0x14, 0x85, 0xC0, 0x0F, 0x94, 0xC0, 0x85, 0xDB, 0x0F, 0x94, 0xC1, 0x08, 0xC1,
    0x75, 0x4D, 0x31, 0xED, 0x0F, 0xB7, 0x14, 0x6B, 0x66, 0x85, 0xD2, 0x74, 0x39, 0x83, 0xFD, 0x0A,
    0x74, 0x3D, 0x0F, 0xB6, 0x85, 0x92, 0x62, 0x00, 0x10, 0x89, 0xD1, 0x80, 0xC1, 0xBF, 0x88, 0xD5,
    0x80, 0xCD, 0x20, 0x80, 0xF9, 0x1A, 0x0F, 0xB6, 0xCD, 0x0F, 0x43, 0xCA, 0x89, 0xC2, 0x80, 0xC2,
    0xBF, 0x88, 0xC6, 0x80, 0xCE, 0x20, 0x80, 0xFA, 0x1A, 0x0F, 0xB6, 0xD6, 0x0F, 0x43, 0xD0, 0x45,
    0x38, 0xD1, 0x74, 0xC0, 0xEB, 0x09, 0x80, 0xBD, 0x92, 0x62, 0x00, 0x10, 0x00, 0x74, 0x1D, 0x8B,
    0x36, 0x85, 0xF6, 0x0F, 0x84, 0x26, 0xFB, 0xFF, 0xFF, 0xFF, 0x44, 0x24, 0x08, 0x3B, 0x74, 0x24,
    0x10, 0x0F, 0x85, 0x75, 0xFF, 0xFF, 0xFF, 0xE9, 0x13, 0xFB, 0xFF, 0xFF, 0x83, 0x3D, 0x10, 0x70,
    0x00, 0x10, 0x00, 0x0F, 0x84, 0x06, 0xFB, 0xFF, 0xFF, 0x8B, 0x44, 0x24, 0x14, 0x66, 0x81, 0x38,
    0x4D, 0x5A, 0x0F, 0x85, 0xF7, 0xFA, 0xFF, 0xFF, 0x8B, 0x4C, 0x24, 0x14, 0x8B, 0x41, 0x3C, 0x81,
    0x3C, 0x01, 0x50, 0x45, 0x00, 0x00, 0x0F, 0x85, 0xE3, 0xFA, 0xFF, 0xFF, 0x03, 0x44, 0x24, 0x14,
    0x0F, 0xB7, 0x48, 0x06, 0x89, 0x4C, 0x24, 0x20, 0x85, 0xC9, 0x0F, 0x84, 0xCF, 0xFA, 0xFF, 0xFF,
    0x0F, 0xB7, 0x48, 0x14, 0x01, 0xC8, 0x83, 0xC0, 0x18, 0x89, 0x44, 0x24, 0x1C, 0xB9, 0x40, 0x37,
    0x00, 0x10, 0x8B, 0x44, 0x24, 0x14, 0x29, 0xC1, 0x83, 0xC1, 0xFB, 0x89, 0x4C, 0x24, 0x24, 0x40,
    0x89, 0x44, 0x24, 0x14, 0xC7, 0x44, 0x24, 0x0C, 0x00, 0x00, 0x00, 0x00, 0xEB, 0x13, 0x8B, 0x44,
    0x24, 0x0C, 0x40, 0x89, 0x44, 0x24, 0x0C, 0x3B, 0x44, 0x24, 0x20, 0x0F, 0x84, 0x8E, 0xFA, 0xFF,
    0xFF, 0x8B, 0x44, 0x24, 0x0C, 0x8D, 0x04, 0xC5, 0x00, 0x00, 0x00, 0x00, 0x8D, 0x04, 0x80, 0x8B,
    0x54, 0x24, 0x1C, 0x8B, 0x4C, 0x02, 0x08, 0x8B, 0x5C, 0x02, 0x10, 0x39, 0xD9, 0x0F, 0x47, 0xD9,
    0xF6, 0x44, 0x02, 0x27, 0x20, 0x0F, 0x94, 0xC1, 0x89, 0x5C, 0x24, 0x10, 0x83, 0xFB, 0x05, 0x0F,
    0x92, 0xC2, 0x08, 0xCA, 0x75, 0xB8, 0x8B, 0x4C, 0x24, 0x1C, 0x8B, 0x4C, 0x01, 0x0C, 0x8B, 0x5C,
    0x24, 0x24, 0x29, 0xCB, 0x8B, 0x44, 0x24, 0x14, 0x01, 0xC8, 0x89, 0x44, 0x24, 0x08, 0xF7, 0xD9,
    0x89, 0x4C, 0x24, 0x18, 0x31, 0xED, 0xEB, 0x0F, 0x8D, 0x45, 0x01, 0x83, 0xC5, 0x06, 0x4B, 0x3B,
    0x6C, 0x24, 0x10, 0x89, 0xC5, 0x77, 0x87, 0x8B, 0x44, 0x24, 0x08, 0x80, 0x7C, 0x28, 0xFF, 0xE8,
    0x75, 0xE6, 0x8B, 0x44, 0x24, 0x18, 0x8B, 0x4C, 0x24, 0x08, 0x2B, 0x04, 0x29, 0x05, 0xDB, 0xFA,
    0x18, 0x00, 0x39, 0xE8, 0x75, 0xD2, 0x8B, 0x44, 0x24, 0x08, 0x8D, 0x0C, 0x28, 0xC7, 0x04, 0x24,
    0x00, 0x00, 0x00, 0x00, 0xC7, 0x44, 0x24, 0x04, 0x00, 0x00, 0x00, 0x00, 0x89, 0xE0, 0x50, 0x6A,
    0x40, 0x6A, 0x04, 0x89, 0xCE, 0x51, 0xFF, 0x15, 0x10, 0x70, 0x00, 0x10, 0x85, 0xC0, 0x74, 0xA8,
    0x89, 0x1E, 0x8D, 0x44, 0x24, 0x04, 0x50, 0xFF, 0x74, 0x24, 0x04, 0x6A, 0x04, 0x56, 0xFF, 0x15,
    0x10, 0x70, 0x00, 0x10, 0xEB, 0x92, 0xC7, 0x05, 0x00, 0x91, 0x06, 0x10, 0x8B, 0x81, 0xE0, 0x14,
    0x66, 0xC7, 0x05, 0x04, 0x91, 0x06, 0x10, 0x00, 0x00, 0xC6, 0x05, 0x06, 0x91, 0x06, 0x10, 0xE9,
    0xB9, 0x0B, 0x91, 0x06, 0x10, 0x89, 0xFA, 0x29, 0xCA, 0x81, 0xC2, 0x36, 0x5B, 0x06, 0x00, 0x89,
    0x15, 0x07, 0x91, 0x06, 0x10, 0x89, 0xE3, 0x53, 0x6A, 0x40, 0x6A, 0x10, 0x68, 0x00, 0x91, 0x06,
    0x10, 0xFF, 0xD0, 0x85, 0xC0, 0x0F, 0x84, 0x5B, 0xF9, 0xFF, 0xFF, 0x8D, 0xB7, 0x30, 0x5B, 0x06,
    0x00, 0xC7, 0x05, 0xFC, 0x90, 0x06, 0x10, 0x00, 0x91, 0x06, 0x10, 0x53, 0x6A, 0x40, 0x6A, 0x06,
    0x56, 0xFF, 0x15, 0x10, 0x70, 0x00, 0x10, 0x85, 0xC0, 0x74, 0x38, 0x8D, 0x87, 0x35, 0x5B, 0x06,
    0x00, 0xC6, 0x87, 0x30, 0x5B, 0x06, 0x00, 0xE9, 0xB9, 0x40, 0x32, 0x00, 0x10, 0x29, 0xC1, 0x89,
    0x8F, 0x31, 0x5B, 0x06, 0x00, 0xC6, 0x87, 0x35, 0x5B, 0x06, 0x00, 0x90, 0x8D, 0x44, 0x24, 0x04,
    0x50, 0xFF, 0x74, 0x24, 0x04, 0x6A, 0x06, 0x56, 0xFF, 0x15, 0x10, 0x70, 0x00, 0x10, 0xE9, 0x03,
    0xF9, 0xFF, 0xFF, 0xC7, 0x05, 0xFC, 0x90, 0x06, 0x10, 0x00, 0x00, 0x00, 0x00, 0xE9, 0xF4, 0xF8,
    0xFF, 0xFF, 0xC7, 0x05, 0x48, 0x90, 0x06, 0x10, 0x64, 0xA1, 0x00, 0x00, 0x66, 0xC7, 0x05, 0x4C,
    0x90, 0x06, 0x10, 0x00, 0x00, 0xC6, 0x05, 0x4E, 0x90, 0x06, 0x10, 0xE9, 0xB8, 0x53, 0x90, 0x06,
    0x10, 0x89, 0xFA, 0x29, 0xC2, 0x81, 0xC2, 0xD6, 0x3C, 0x06, 0x00, 0x89, 0x15, 0x4F, 0x90, 0x06,
    0x10, 0x89, 0xE3, 0x53, 0x6A, 0x40, 0x6A, 0x10, 0x68, 0x48, 0x90, 0x06, 0x10, 0xFF, 0xD1, 0x85,
    0xC0, 0x0F, 0x84, 0x66, 0xF6, 0xFF, 0xFF, 0x8D, 0xB7, 0xD0, 0x3C, 0x06, 0x00, 0xC7, 0x05, 0x44,
    0x90, 0x06, 0x10, 0x48, 0x90, 0x06, 0x10, 0x53, 0x6A, 0x40, 0x6A, 0x06, 0x56, 0xFF, 0x15, 0x10,
    0x70, 0x00, 0x10, 0x85, 0xC0, 0x74, 0x47, 0x8D, 0x87, 0xD5, 0x3C, 0x06, 0x00, 0xC6, 0x87, 0xD0,
    0x3C, 0x06, 0x00, 0xE9, 0xB9, 0xE0, 0x2F, 0x00, 0x10, 0x29, 0xC1, 0x89, 0x8F, 0xD1, 0x3C, 0x06,
    0x00, 0xC6, 0x87, 0xD5, 0x3C, 0x06, 0x00, 0x90, 0x8D, 0x44, 0x24, 0x04, 0x50, 0xFF, 0x74, 0x24,
    0x04, 0x6A, 0x06, 0x56, 0xFF, 0x15, 0x10, 0x70, 0x00, 0x10, 0xE9, 0x0E, 0xF6, 0xFF, 0xFF, 0xC7,
    0x05, 0x58, 0x90, 0x06, 0x10, 0x00, 0x00, 0x00, 0x00, 0xE9, 0xED, 0xF7, 0xFF, 0xFF, 0xC7, 0x05,
    0x44, 0x90, 0x06, 0x10, 0x00, 0x00, 0x00, 0x00, 0xE9, 0xF0, 0xF5, 0xFF, 0xFF, 0x0F, 0x1F, 0x00,
    0x55, 0x53, 0x57, 0x56, 0x81, 0xEC, 0xB4, 0x00, 0x00, 0x00, 0x8B, 0xB4, 0x24, 0xC8, 0x00, 0x00,
    0x00, 0x89, 0x14, 0x24, 0x85, 0xD2, 0x0F, 0x94, 0xC2, 0x83, 0xFE, 0x05, 0x0F, 0x9D, 0xC6, 0x31,
    0xC0, 0x08, 0xD6, 0x0F, 0x85, 0x42, 0x02, 0x00, 0x00, 0x66, 0x81, 0x39, 0x4D, 0x5A, 0x0F, 0x85,
    0x37, 0x02, 0x00, 0x00, 0x8B, 0x51, 0x3C, 0x81, 0x3C, 0x11, 0x50, 0x45, 0x00, 0x00, 0x0F, 0x85,
    0x27, 0x02, 0x00, 0x00, 0x8B, 0x5C, 0x11, 0x78, 0x8B, 0x7C, 0x11, 0x7C, 0x85, 0xDB, 0x0F, 0x95,
    0xC2, 0x85, 0xFF, 0x0F, 0x95, 0xC6, 0x20, 0xD6, 0x80, 0xFE, 0x01, 0x0F, 0x85, 0x0A, 0x02, 0x00,
    0x00, 0x89, 0x7C, 0x24, 0x10, 0x89, 0x74, 0x24, 0x0C, 0x89, 0x5C, 0x24, 0x14, 0x8B, 0x54, 0x19,
    0x18, 0x89, 0x54, 0x24, 0x08, 0x85, 0xD2, 0x0F, 0x84, 0xEE, 0x01, 0x00, 0x00, 0x8B, 0x44, 0x24,
    0x14, 0x8B, 0x54, 0x01, 0x20, 0x01, 0xCA, 0x89, 0x54, 0x24, 0x04, 0x8B, 0x54, 0x01, 0x24, 0x01,
    0xCA, 0x89, 0x54, 0x24, 0x1C, 0x8B, 0x54, 0x01, 0x1C, 0x01, 0xCA, 0x89, 0x54, 0x24, 0x18, 0x01,
    0x44, 0x24, 0x10, 0xFF, 0x44, 0x24, 0x0C, 0x8D, 0x41, 0x01, 0x89, 0x44, 0x24, 0x20, 0x31, 0xED,
    0xEB, 0x20, 0x66, 0x66, 0x66, 0x66, 0x66, 0x2E, 0x0F, 0x1F, 0x84, 0x00, 0x00, 0x00, 0x00, 0x00,
    0x80, 0x3A, 0x00, 0x74, 0x66, 0x45, 0x31, 0xC0, 0x3B, 0x6C, 0x24, 0x08, 0x0F, 0x84, 0x99, 0x01,
    0x00, 0x00, 0x8B, 0x44, 0x24, 0x04, 0x8B, 0x3C, 0xA8, 0x0F, 0xB6, 0x1C, 0x39, 0x8B, 0x14, 0x24,
    0x84, 0xDB, 0x74, 0xDC, 0x03, 0x7C, 0x24, 0x20, 0x8B, 0x14, 0x24, 0x0F, 0x1F, 0x44, 0x00, 0x00,
    0x8A, 0x3A, 0x84, 0xFF, 0x74, 0xCF, 0x89, 0xD8, 0x04, 0xBF, 0x0F, 0xB6, 0xF3, 0x80, 0xCB, 0x20,
    0x3C, 0x1A, 0x0F, 0xB6, 0xC3, 0x0F, 0x43, 0xC6, 0x88, 0xFB, 0x80, 0xC3, 0xBF, 0x0F, 0xB6, 0xF7,
    0x80, 0xCF, 0x20, 0x80, 0xFB, 0x1A, 0x0F, 0xB6, 0xDF, 0x0F, 0x43, 0xDE, 0x38, 0xD8, 0x75, 0xA5,
    0x42, 0x0F, 0xB6, 0x1F, 0x47, 0x84, 0xDB, 0x75, 0xC7, 0xEB, 0x95, 0x8B, 0x44, 0x24, 0x1C, 0x0F,
    0xB7, 0x04, 0x68, 0x8B, 0x54, 0x24, 0x18, 0x8B, 0x04, 0x82, 0x01, 0xC1, 0x3B, 0x44, 0x24, 0x14,
    0x72, 0x2F, 0x3B, 0x44, 0x24, 0x10, 0x73, 0x29, 0x0F, 0xB6, 0x01, 0x84, 0xC0, 0x0F, 0x84, 0x16,
    0x01, 0x00, 0x00, 0x31, 0xD2, 0x83, 0xFA, 0x2A, 0x77, 0x1E, 0x3C, 0x2E, 0x74, 0x1A, 0x88, 0x44,
    0x14, 0x24, 0x0F, 0xB6, 0x44, 0x11, 0x01, 0x42, 0x84, 0xC0, 0x75, 0xE9, 0xE9, 0xF8, 0x00, 0x00,
    0x00, 0x89, 0xC8, 0xE9, 0xF3, 0x00, 0x00, 0x00, 0x3C, 0x2E, 0x0F, 0x85, 0xE9, 0x00, 0x00, 0x00,
    0xC6, 0x44, 0x14, 0x24, 0x00, 0x0F, 0xB6, 0x5C, 0x11, 0x01, 0x31, 0xC0, 0xBE, 0x00, 0x00, 0x00,
    0x00, 0x84, 0xDB, 0x74, 0x1C, 0x31, 0xFF, 0x8D, 0x77, 0x01, 0x88, 0x5C, 0x3C, 0x54, 0x8D, 0x1C,
    0x39, 0x0F, 0xB6, 0x5C, 0x1A, 0x02, 0x84, 0xDB, 0x74, 0x07, 0x83, 0xFF, 0x5E, 0x89, 0xF7, 0x72,
    0xE6, 0xC6, 0x44, 0x34, 0x54, 0x00, 0x0F, 0xB6, 0x4C, 0x24, 0x54, 0x85, 0xC9, 0x0F, 0x84, 0xA8,
    0x00, 0x00, 0x00, 0x83, 0xF9, 0x23, 0x0F, 0x84, 0x9F, 0x00, 0x00, 0x00, 0xB9, 0xFF, 0xFF, 0xFF,
    0xFF, 0x80, 0x7C, 0x0C, 0x25, 0x00, 0x8D, 0x49, 0x01, 0x75, 0xF6, 0x85, 0xC9, 0x0F, 0x84, 0x93,
    0x00, 0x00, 0x00, 0x31, 0xD2, 0xBB, 0x00, 0x00, 0x00, 0x00, 0x83, 0xF9, 0x07, 0x76, 0x61, 0x89,
    0xCA, 0x83, 0xE2, 0xF8, 0x66, 0x0F, 0xEF, 0xC0, 0x31, 0xF6, 0x66, 0x0F, 0x6F, 0x15, 0xF0, 0x60,
    0x00, 0x10, 0x66, 0x0F, 0xEF, 0xC9, 0x66, 0x0F, 0x6E, 0x5C, 0x34, 0x24, 0x66, 0x0F, 0x6E, 0x64,
    0x34, 0x28, 0x66, 0x0F, 0x60, 0xDB, 0x66, 0x0F, 0x61, 0xDB, 0x66, 0x0F, 0x74, 0xDA, 0x66, 0x0F,
    0xEB, 0xC3, 0x66, 0x0F, 0x60, 0xE4, 0x66, 0x0F, 0x61, 0xE4, 0x66, 0x0F, 0x74, 0xE2, 0x66, 0x0F,
    0xEB, 0xCC, 0x83, 0xC6, 0x08, 0x39, 0xF2, 0x75, 0xCD, 0x66, 0x0F, 0xEB, 0xC8, 0x66, 0x0F, 0x72,
    0xF1, 0x1F, 0x0F, 0x50, 0xF1, 0x31, 0xDB, 0x85, 0xF6, 0x0F, 0x95, 0xC3, 0x39, 0xD1, 0x74, 0x12,
    0xBE, 0x01, 0x00, 0x00, 0x00, 0x80, 0x7C, 0x14, 0x24, 0x2E, 0x0F, 0x44, 0xDE, 0x42, 0x39, 0xD1,
    0x75, 0xF3, 0x85, 0xDB, 0x0F, 0x94, 0xC2, 0xEB, 0x0F, 0x31, 0xC0, 0x81, 0xC4, 0xB4, 0x00, 0x00,
    0x00, 0x5E, 0x5F, 0x5B, 0x5D, 0xC3, 0xB2, 0x01, 0x8D, 0x71, 0x04, 0x83, 0xFE, 0x2F, 0x77, 0x11,
    0x84, 0xD2, 0x74, 0x0D, 0xC7, 0x44, 0x0C, 0x24, 0x2E, 0x64, 0x6C, 0x6C, 0xC6, 0x44, 0x0C, 0x28,
    0x00, 0x64, 0x8B, 0x0D, 0x30, 0x00, 0x00, 0x00, 0x85, 0xC9, 0x74, 0xCF, 0x8B, 0x71, 0x0C, 0x85,
    0xF6, 0x74, 0xC8, 0x8B, 0x7E, 0x14, 0x83, 0xC6, 0x14, 0x85, 0xFF, 0x0F, 0x94, 0xC1, 0x39, 0xF7,
    0x0F, 0x94, 0xC2, 0x08, 0xCA, 0x75, 0xB4, 0x31, 0xC0, 0x31, 0xC9, 0x89, 0x74, 0x24, 0x08, 0x89,
    0x0C, 0x24, 0x81, 0xF9, 0x80, 0x00, 0x00, 0x00, 0x74, 0xA1, 0x8B, 0x4F, 0x10, 0x8B, 0x77, 0x28,
    0x89, 0x4C, 0x24, 0x04, 0x85, 0xC9, 0x0F, 0x94, 0xC1, 0x85, 0xF6, 0x0F, 0x94, 0xC2, 0x08, 0xCA,
    0x75, 0x46, 0x31, 0xED, 0x0F, 0xB7, 0x1C, 0x6E, 0x0F, 0xB6, 0x54, 0x2C, 0x24, 0x66, 0x85, 0xDB,
    0x74, 0x32, 0x84, 0xD2, 0x74, 0x32, 0x89, 0xD9, 0x80, 0xC1, 0xBF, 0x88, 0xDD, 0x80, 0xCD, 0x20,
    0x80, 0xF9, 0x1A, 0x0F, 0xB6, 0xCD, 0x0F, 0x43, 0xCB, 0x88, 0xD6, 0x80, 0xC6, 0xBF, 0x0F, 0xB6,
    0xDA, 0x80, 0xCA, 0x20, 0x80, 0xFE, 0x1A, 0x0F, 0xB6, 0xD2, 0x0F, 0x43, 0xD3, 0x45, 0x38, 0xD1,
    0x74, 0xC2, 0xEB, 0x04, 0x84, 0xD2, 0x74, 0x1B, 0x8B, 0x3F, 0x85, 0xFF, 0x0F, 0x84, 0x39, 0xFF,
    0xFF, 0xFF, 0x8B, 0x0C, 0x24, 0x41, 0x8B, 0x74, 0x24, 0x08, 0x39, 0xF7, 0x75, 0x81, 0xE9, 0x28,
    0xFF, 0xFF, 0xFF, 0x8D, 0x54, 0x24, 0x54, 0x8B, 0x4C, 0x24, 0x04, 0xFF, 0x74, 0x24, 0x0C, 0xE8,
    0xAC, 0xFC, 0xFF, 0xFF, 0x83, 0xC4, 0x04, 0xE9, 0x0F, 0xFF, 0xFF, 0xFF, 0x0F, 0x1F, 0x40, 0x00,
    0x55, 0x53, 0x57, 0x56, 0x83, 0xEC, 0x10, 0x8B, 0x74, 0x24, 0x24, 0x8B, 0x2D, 0x24, 0x70, 0x00,
    0x10, 0x85, 0xD2, 0x0F, 0x84, 0xAB, 0x00, 0x00, 0x00, 0x0F, 0xB6, 0x1A, 0x84, 0xDB, 0x0F, 0x84,
    0xA0, 0x00, 0x00, 0x00, 0x8D, 0x7A, 0x01, 0x89, 0xD8, 0xEB, 0x11, 0x0F, 0x1F, 0x44, 0x00, 0x00,
    0x0F, 0xB6, 0x07, 0x47, 0x84, 0xC0, 0x0F, 0x84, 0xD7, 0x01, 0x00, 0x00, 0x3C, 0x23, 0x75, 0xF0,
    0x80, 0x3F, 0x48, 0x75, 0xEB, 0x80, 0x7F, 0x01, 0x43, 0x75, 0xE5, 0x80, 0x7F, 0x02, 0x52, 0x75,
    0xDF, 0x80, 0x7F, 0x03, 0x50, 0x75, 0xD9, 0x80, 0x7F, 0x04, 0x3A, 0x75, 0xD3, 0x80, 0x7F, 0x05,
    0x48, 0x75, 0xCD, 0x80, 0x7F, 0x06, 0x55, 0x75, 0xC7, 0x80, 0x7F, 0x07, 0x44, 0x75, 0xC1, 0x80,
    0x7F, 0x08, 0x3A, 0x75, 0xBB, 0x80, 0x7F, 0x09, 0x4C, 0x75, 0xB5, 0x80, 0x7F, 0x0A, 0x4F, 0x75,
    0xAF, 0x80, 0x7F, 0x0B, 0x43, 0x75, 0xA9, 0x80, 0x7F, 0x0C, 0x4B, 0x75, 0xA3, 0x80, 0x7F, 0x0D,
    0x3A, 0x75, 0x9D, 0x80, 0x7F, 0x0E, 0x39, 0x75, 0x97, 0x80, 0x7F, 0x0F, 0x33, 0x75, 0x91, 0x80,
    0x7F, 0x10, 0x41, 0x75, 0x8B, 0x80, 0x7F, 0x11, 0x31, 0x75, 0x85, 0x80, 0x7F, 0x12, 0x37, 0x0F,
    0x85, 0x7B, 0xFF, 0xFF, 0xFF, 0x80, 0x7F, 0x13, 0x23, 0x0F, 0x85, 0x71, 0xFF, 0xFF, 0xFF, 0xE9,
    0x12, 0x02, 0x00, 0x00, 0x85, 0xF6, 0x0F, 0x84, 0x0A, 0x02, 0x00, 0x00, 0x80, 0x3E, 0x00, 0x0F,
    0x84, 0x01, 0x02, 0x00, 0x00, 0x85, 0xD2, 0x74, 0x0B, 0x0F, 0xB6, 0x1A, 0x84, 0xDB, 0x0F, 0x85,
    0x40, 0xFF, 0xFF, 0xFF, 0x89, 0x54, 0x24, 0x04, 0x89, 0x4C, 0x24, 0x08, 0x89, 0x6C, 0x24, 0x0C,
    0xA1, 0x28, 0x90, 0x06, 0x10, 0x89, 0x04, 0x24, 0x69, 0xC0, 0xC4, 0x00, 0x00, 0x00, 0x8D, 0xB8,
    0x28, 0x70, 0x00, 0x10, 0x85, 0xF6, 0xBD, 0x3A, 0x63, 0x00, 0x10, 0x0F, 0x44, 0xF5, 0x0F, 0xB6,
    0x1E, 0x31, 0xC0, 0xBA, 0x00, 0x00, 0x00, 0x00, 0x84, 0xDB, 0x74, 0x1A, 0x31, 0xC9, 0x66, 0x90,
    0x8D, 0x51, 0x01, 0x88, 0x1C, 0x0F, 0x83, 0xFA, 0x1B, 0x77, 0x0B, 0x0F, 0xB6, 0x5C, 0x0E, 0x01,
    0x89, 0xD1, 0x84, 0xDB, 0x75, 0xEA, 0x8B, 0x5C, 0x24, 0x2C, 0x8B, 0x74, 0x24, 0x28, 0x8B, 0x4C,
    0x24, 0x04, 0x85, 0xC9, 0xC6, 0x04, 0x17, 0x00, 0x0F, 0x45, 0xE9, 0x0F, 0xB6, 0x4D, 0x00, 0x84,
    0xC9, 0x74, 0x26, 0x31, 0xD2, 0x66, 0x66, 0x2E, 0x0F, 0x1F, 0x84, 0x00, 0x00, 0x00, 0x00, 0x00,
    0x8D, 0x42, 0x01, 0x88, 0x4C, 0x17, 0x1D, 0x3D, 0x8F, 0x00, 0x00, 0x00, 0x77, 0x0B, 0x0F, 0xB6,
    0x4C, 0x15, 0x01, 0x89, 0xC2, 0x84, 0xC9, 0x75, 0xE7, 0xC6, 0x44, 0x07, 0x1D, 0x00, 0x31, 0xC0,
    0x83, 0xFE, 0x01, 0x19, 0xC0, 0x09, 0xF0, 0x89, 0x87, 0xB0, 0x00, 0x00, 0x00, 0x85, 0xDB, 0xB8,
    0xFF, 0xBF, 0x00, 0xFF, 0x0F, 0x45, 0xC3, 0x89, 0x87, 0xB4, 0x00, 0x00, 0x00, 0x8B, 0x44, 0x24,
    0x08, 0x89, 0x87, 0xB8, 0x00, 0x00, 0x00, 0xA1, 0x2C, 0x90, 0x06, 0x10, 0x40, 0xA3, 0x2C, 0x90,
    0x06, 0x10, 0x89, 0x87, 0xBC, 0x00, 0x00, 0x00, 0xC7, 0x87, 0xC0, 0x00, 0x00, 0x00, 0x01, 0x00,
    0x00, 0x00, 0x8B, 0x04, 0x24, 0x40, 0x25, 0xFF, 0x07, 0x00, 0x00, 0xA3, 0x28, 0x90, 0x06, 0x10,
    0xA1, 0x20, 0x70, 0x00, 0x10, 0x3D, 0xFF, 0x07, 0x00, 0x00, 0x8B, 0x4C, 0x24, 0x0C, 0x77, 0x06,
    0x40, 0xA3, 0x20, 0x70, 0x00, 0x10, 0x85, 0xC9, 0x0F, 0x84, 0xCE, 0x00, 0x00, 0x00, 0x8B, 0x15,
    0x24, 0x70, 0x00, 0x10, 0x8D, 0x48, 0xF9, 0x83, 0xF8, 0x08, 0x0F, 0x82, 0xBF, 0x00, 0x00, 0x00,
    0x39, 0xD1, 0x0F, 0x86, 0xB7, 0x00, 0x00, 0x00, 0xFF, 0x05, 0x24, 0x70, 0x00, 0x10, 0xE9, 0xAC,
    0x00, 0x00, 0x00, 0x8D, 0x7A, 0x01, 0xEB, 0x14, 0x0F, 0x1F, 0x84, 0x00, 0x00, 0x00, 0x00, 0x00,
    0x0F, 0xB6, 0x1F, 0x47, 0x84, 0xDB, 0x0F, 0x84, 0xB8, 0xFE, 0xFF, 0xFF, 0x80, 0xFB, 0x23, 0x75,
    0xEF, 0x80, 0x3F, 0x48, 0x75, 0xEA, 0x80, 0x7F, 0x01, 0x43, 0x75, 0xE4, 0x80, 0x7F, 0x02, 0x52,
    0x75, 0xDE, 0x80, 0x7F, 0x03, 0x50, 0x75, 0xD8, 0x80, 0x7F, 0x04, 0x3A, 0x75, 0xD2, 0x80, 0x7F,
    0x05, 0x48, 0x75, 0xCC, 0x80, 0x7F, 0x06, 0x55, 0x75, 0xC6, 0x80, 0x7F, 0x07, 0x44, 0x75, 0xC0,
    0x80, 0x7F, 0x08, 0x3A, 0x75, 0xBA, 0x80, 0x7F, 0x09, 0x52, 0x75, 0xB4, 0x80, 0x7F, 0x0A, 0x45,
    0x75, 0xAE, 0x80, 0x7F, 0x0B, 0x41, 0x75, 0xA8, 0x80, 0x7F, 0x0C, 0x44, 0x75, 0xA2, 0x80, 0x7F,
    0x0D, 0x59, 0x75, 0x9C, 0x80, 0x7F, 0x0E, 0x3A, 0x75, 0x96, 0x80, 0x7F, 0x0F, 0x39, 0x75, 0x90,
    0x80, 0x7F, 0x10, 0x33, 0x75, 0x8A, 0x80, 0x7F, 0x11, 0x41, 0x75, 0x84, 0x80, 0x7F, 0x12, 0x31,
    0x0F, 0x85, 0x7A, 0xFF, 0xFF, 0xFF, 0x80, 0x7F, 0x13, 0x37, 0x0F, 0x85, 0x70, 0xFF, 0xFF, 0xFF,
    0x80, 0x7F, 0x14, 0x23, 0x0F, 0x85, 0x66, 0xFF, 0xFF, 0xFF, 0xEB, 0x1A, 0x8D, 0x48, 0xF9, 0x31,
    0xD2, 0x83, 0xF8, 0x08, 0x0F, 0x43, 0xD1, 0xA1, 0x24, 0x70, 0x00, 0x10, 0x39, 0xD0, 0x76, 0x06,
    0x89, 0x15, 0x24, 0x70, 0x00, 0x10, 0x83, 0xC4, 0x10, 0x5E, 0x5F, 0x5B, 0x5D, 0xC3, 0x66, 0x90,
    0x56, 0x89, 0xCE, 0x8B, 0x54, 0x24, 0x0C, 0x8B, 0x4C, 0x24, 0x08, 0xFF, 0x74, 0x24, 0x18, 0xFF,
    0x74, 0x24, 0x18, 0xFF, 0x74, 0x24, 0x18, 0xE8, 0x04, 0xFD, 0xFF, 0xFF, 0x83, 0xC4, 0x0C, 0x83,
    0x3D, 0x30, 0x90, 0x06, 0x10, 0x00, 0x74, 0x08, 0x89, 0xF1, 0x5E, 0xE9, 0x64, 0x60, 0x06, 0x00,
    0x5E, 0xC2, 0x14, 0x00, 0x66, 0x66, 0x66, 0x2E, 0x0F, 0x1F, 0x84, 0x00, 0x00, 0x00, 0x00, 0x00,
    0x56, 0x89, 0xCE, 0x83, 0x3D, 0x44, 0x90, 0x06, 0x10, 0x00, 0x74, 0x0B, 0x89, 0xF1, 0xFF, 0x74,
    0x24, 0x08, 0xE8, 0x51, 0x60, 0x06, 0x00, 0x85, 0xF6, 0x74, 0x1C, 0x8B, 0x86, 0x1E, 0x01, 0x00,
    0x00, 0x85, 0xC0, 0x74, 0x12, 0xC6, 0x40, 0x04, 0x00, 0xC7, 0x40, 0x08, 0x80, 0xC1, 0xFF, 0xFF,
    0xC7, 0x40, 0x0C, 0x80, 0xC1, 0xFF, 0xFF, 0x5E, 0xC2, 0x04, 0x00, 0x0F, 0x1F, 0x44, 0x00, 0x00,
    0x55, 0x53, 0x57, 0x56, 0x50, 0x89, 0xCE, 0xA1, 0x18, 0x70, 0x00, 0x10, 0x31, 0xFF, 0xB3, 0x01,
    0x85, 0xC0, 0x0F, 0x84, 0x4C, 0x01, 0x00, 0x00, 0x8B, 0x80, 0xE4, 0xA0, 0x21, 0x00, 0x85, 0xC0,
    0x0F, 0x84, 0x3E, 0x01, 0x00, 0x00, 0x8B, 0x0D, 0x48, 0x70, 0xC1, 0x00, 0x8D, 0x91, 0x1F, 0xEF,
    0xFF, 0xFF, 0x81, 0xFA, 0xFF, 0xF0, 0xFF, 0xFF, 0x0F, 0x82, 0x22, 0x01, 0x00, 0x00, 0xF3, 0x0F,
    0x2A, 0xC1, 0xF3, 0x0F, 0x5E, 0x05, 0x8C, 0x60, 0x00, 0x10, 0x8B, 0x10, 0x83, 0xFA, 0x14, 0xBF,
    0x14, 0x00, 0x00, 0x00, 0x0F, 0x42, 0xFA, 0x83, 0xFF, 0x06, 0xBA, 0x05, 0x00, 0x00, 0x00, 0x0F,
    0x43, 0xD7, 0x8B, 0xB8, 0xE6, 0x63, 0x00, 0x00, 0xF3, 0x0F, 0x10, 0x15, 0x90, 0x60, 0x00, 0x10,
    0xF3, 0x0F, 0x59, 0xD0, 0xF3, 0x0F, 0x10, 0x0D, 0x94, 0x60, 0x00, 0x10, 0x0F, 0x28, 0xDA, 0xF3,
    0x0F, 0x5C, 0xD9, 0xF3, 0x0F, 0x2C, 0xDB, 0x89, 0x0C, 0x24, 0xF3, 0x0F, 0x2C, 0xCA, 0x89, 0xCD,
    0xC1, 0xFD, 0x1F, 0x21, 0xDD, 0x09, 0xCD, 0x8D, 0x4F, 0xD7, 0x83, 0xF9, 0xE1, 0x0F, 0x43, 0xEF,
    0xF3, 0x0F, 0x10, 0x1D, 0x98, 0x60, 0x00, 0x10, 0x66, 0x0F, 0x6E, 0xE5, 0x66, 0x0F, 0xEB, 0x25,
    0xA0, 0x60, 0x00, 0x10, 0xF2, 0x0F, 0x5C, 0x25, 0xB0, 0x60, 0x00, 0x10, 0xF3, 0x0F, 0x59, 0xD8,
    0xF2, 0x0F, 0x5A, 0xE4, 0xF3, 0x0F, 0x10, 0x2D, 0xB8, 0x60, 0x00, 0x10, 0xF3, 0x0F, 0x59, 0xE8,
    0xF3, 0x0F, 0x58, 0xEC, 0xF3, 0x0F, 0x10, 0x25, 0xBC, 0x60, 0x00, 0x10, 0xF3, 0x0F, 0x59, 0xE0,
    0x0F, 0x28, 0xF0, 0x0F, 0xC6, 0xF0, 0x00, 0x0F, 0x59, 0x35, 0xC0, 0x60, 0x00, 0x10, 0x0F, 0x14,
    0xE5, 0x0F, 0x28, 0x2D, 0xD0, 0x60, 0x00, 0x10, 0x0F, 0x14, 0xEB, 0x0F, 0x5D, 0xF4, 0x0F, 0xC2,
    0xE5, 0x01, 0x0F, 0x54, 0xEC, 0x0F, 0x55, 0xE6, 0x0F, 0x56, 0xE5, 0x0F, 0x57, 0xDB, 0xF3, 0x0F,
    0x2A, 0xDA, 0x66, 0x0F, 0x70, 0xEC, 0x55, 0xF3, 0x0F, 0x58, 0xEC, 0xF3, 0x0F, 0x59, 0xEB, 0xF3,
    0x0F, 0x59, 0x05, 0xE0, 0x60, 0x00, 0x10, 0xF3, 0x0F, 0x58, 0xEA, 0xF3, 0x0F, 0x58, 0xC5, 0xF3,
    0x0F, 0x2C, 0xC8, 0x89, 0xCA, 0xC1, 0xFA, 0x1F, 0xF3, 0x0F, 0x5C, 0xC1, 0xF3, 0x0F, 0x2C, 0xF8,
    0x21, 0xD7, 0x09, 0xCF, 0x83, 0xFF, 0x29, 0xB9, 0x28, 0x00, 0x00, 0x00, 0x0F, 0x43, 0xCF, 0x8B,
    0x14, 0x24, 0x39, 0xD1, 0x8D, 0x52, 0xD8, 0x0F, 0x42, 0xD1, 0x89, 0x90, 0x2E, 0x01, 0x00, 0x00,
    0x31, 0xDB, 0x89, 0xC7, 0xA1, 0x0C, 0x70, 0x00, 0x10, 0x85, 0xC0, 0x74, 0x07, 0xFF, 0xD0, 0xA3,
    0x6C, 0x90, 0x06, 0x10, 0x83, 0x3D, 0x58, 0x90, 0x06, 0x10, 0x00, 0x74, 0x07, 0x89, 0xF1, 0xE8,
    0xB8, 0x5E, 0x06, 0x00, 0xC7, 0x05, 0x24, 0x70, 0x00, 0x10, 0x00, 0x00, 0x00, 0x00, 0xC7, 0x05,
    0x70, 0x90, 0x06, 0x10, 0x00, 0x00, 0x00, 0x00, 0xC7, 0x05, 0x74, 0x90, 0x06, 0x10, 0x00, 0x00,
    0x00, 0x00, 0xC6, 0x05, 0x78, 0x90, 0x06, 0x10, 0x00, 0xA1, 0x18, 0x70, 0x00, 0x10, 0x85, 0xC0,
    0x0F, 0x94, 0xC1, 0x85, 0xF6, 0x0F, 0x94, 0xC2, 0x08, 0xCA, 0x75, 0x15, 0x8B, 0x4E, 0x08, 0x85,
    0xC9, 0x74, 0x0E, 0x05, 0x60, 0x0F, 0x08, 0x00, 0x6A, 0x00, 0x68, 0x3A, 0x63, 0x00, 0x10, 0xFF,
    0xD0, 0x84, 0xDB, 0x75, 0x1C, 0x8B, 0x87, 0x1E, 0x01, 0x00, 0x00, 0x85, 0xC0, 0x74, 0x12, 0xC6,
    0x40, 0x04, 0x00, 0xC7, 0x40, 0x08, 0x80, 0xC1, 0xFF, 0xFF, 0xC7, 0x40, 0x0C, 0x80, 0xC1, 0xFF,
    0xFF, 0x85, 0xF6, 0x74, 0x22, 0x83, 0xBE, 0xE0, 0x14, 0x00, 0x00, 0x00, 0x74, 0x19, 0x8B, 0x46,
    0x08, 0x85, 0xC0, 0x74, 0x12, 0xC6, 0x40, 0x04, 0x00, 0xC7, 0x40, 0x08, 0x80, 0xC1, 0xFF, 0xFF,
    0xC7, 0x40, 0x0C, 0x80, 0xC1, 0xFF, 0xFF, 0x83, 0xC4, 0x04, 0x5E, 0x5F, 0x5B, 0x5D, 0xC3, 0x90,
    0x53, 0x57, 0x56, 0x85, 0xC9, 0x0F, 0x84, 0xA8, 0x02, 0x00, 0x00, 0x8B, 0x54, 0x24, 0x18, 0x8B,
    0x5C, 0x24, 0x14, 0x8B, 0x44, 0x24, 0x10, 0x83, 0xB9, 0xE0, 0x14, 0x00, 0x00, 0x00, 0x0F, 0x84,
    0x8F, 0x02, 0x00, 0x00, 0x8D, 0xB0, 0x00, 0xFE, 0xFF, 0xFF, 0x83, 0xFE, 0x0A, 0x0F, 0x87, 0x0D,
    0x01, 0x00, 0x00, 0xFF, 0x24, 0xB5, 0x00, 0x60, 0x00, 0x10, 0x83, 0x3D, 0x70, 0x90, 0x06, 0x10,
    0x00, 0x0F, 0x84, 0x6C, 0x02, 0x00, 0x00, 0x8B, 0x0D, 0x20, 0x70, 0x00, 0x10, 0xB8, 0x01, 0x00,
    0x00, 0x00, 0x83, 0xF9, 0x08, 0x0F, 0x82, 0xAE, 0x03, 0x00, 0x00, 0x0F, 0x57, 0xC0, 0x0F, 0x2E,
    0x05, 0x20, 0x91, 0x06, 0x10, 0x0F, 0x83, 0x9E, 0x03, 0x00, 0x00, 0x0F, 0x2E, 0x05, 0x24, 0x91,
    0x06, 0x10, 0x0F, 0x83, 0x91, 0x03, 0x00, 0x00, 0xF3, 0x0F, 0x10, 0x0D, 0x20, 0x91, 0x06, 0x10,
    0xF3, 0x0F, 0x5C, 0x0D, 0x24, 0x91, 0x06, 0x10, 0x31, 0xF6, 0x0F, 0x2E, 0xC1, 0x0F, 0x83, 0xA2,
    0x00, 0x00, 0x00, 0xC1, 0xFA, 0x10, 0xF3, 0x0F, 0x2A, 0xDA, 0x83, 0xC1, 0xF9, 0xF3, 0x0F, 0x5C,
    0x1D, 0x1C, 0x91, 0x06, 0x10, 0xF3, 0x0F, 0x10, 0x15, 0x00, 0x61, 0x00, 0x10, 0xF3, 0x0F, 0x10,
    0x25, 0x24, 0x91, 0x06, 0x10, 0xF3, 0x0F, 0x59, 0xE2, 0xF3, 0x0F, 0x5C, 0xDC, 0x0F, 0x57, 0xE4,
    0xF3, 0x0F, 0x5F, 0xE3, 0x0F, 0x28, 0xD9, 0xF3, 0x0F, 0x5D, 0xDC, 0xF3, 0x0F, 0x5E, 0xD9, 0xF3,
    0x0F, 0x10, 0x0D, 0x04, 0x61, 0x00, 0x10, 0x0F, 0x28, 0xE1, 0xF3, 0x0F, 0x5C, 0xE3, 0xF3, 0x0F,
    0x5F, 0xC4, 0xF3, 0x0F, 0x5D, 0xC8, 0x66, 0x0F, 0x6E, 0xC1, 0x66, 0x0F, 0xEB, 0x05, 0xA0, 0x60,
    0x00, 0x10, 0xF2, 0x0F, 0x5C, 0x05, 0xB0, 0x60, 0x00, 0x10, 0xF2, 0x0F, 0x5A, 0xC0, 0xF3, 0x0F,
    0x59, 0xC1, 0xF3, 0x0F, 0x58, 0xC2, 0xF3, 0x0F, 0x2C, 0xD0, 0x89, 0xD6, 0xC1, 0xFE, 0x1F, 0xF3,
    0x0F, 0x5C, 0x05, 0x94, 0x60, 0x00, 0x10, 0xF3, 0x0F, 0x2C, 0xF8, 0x21, 0xF7, 0x09, 0xD7, 0x89,
    0x3D, 0x24, 0x70, 0x00, 0x10, 0x8B, 0x15, 0x24, 0x70, 0x00, 0x10, 0x89, 0xCE, 0x39, 0xCA, 0x0F,
    0x86, 0xD4, 0x02, 0x00, 0x00, 0x89, 0x35, 0x24, 0x70, 0x00, 0x10, 0xE9, 0xC9, 0x02, 0x00, 0x00,
    0x3D, 0x00, 0x01, 0x00, 0x00, 0x0F, 0x84, 0x4A, 0x01, 0x00, 0x00, 0x3D, 0x02, 0x01, 0x00, 0x00,
    0x0F, 0x85, 0x5D, 0x01, 0x00, 0x00, 0x66, 0x83, 0xFB, 0x08, 0x0F, 0x84, 0xAB, 0x01, 0x00, 0x00,
    0x0F, 0xB7, 0xC3, 0x83, 0xF8, 0x0D, 0x0F, 0x84, 0x38, 0x01, 0x00, 0x00, 0x0F, 0xB7, 0xC3, 0x83,
    0xF8, 0x20, 0x0F, 0x93, 0xC2, 0x83, 0xF8, 0x7F, 0x0F, 0x95, 0xC0, 0x20, 0xD0, 0x8B, 0x35, 0x74,
    0x90, 0x06, 0x10, 0x81, 0xFE, 0x80, 0x00, 0x00, 0x00, 0x0F, 0x92, 0xC2, 0x20, 0xC2, 0xB8, 0x01,
    0x00, 0x00, 0x00, 0x80, 0xFA, 0x01, 0x0F, 0x85, 0x6D, 0x02, 0x00, 0x00, 0x89, 0xF2, 0x42, 0x89,
    0x15, 0x74, 0x90, 0x06, 0x10, 0x88, 0x9E, 0x78, 0x90, 0x06, 0x10, 0xC6, 0x86, 0x79, 0x90, 0x06,
    0x10, 0x00, 0xE9, 0x77, 0x01, 0x00, 0x00, 0xC1, 0xFB, 0x10, 0x85, 0xDB, 0x0F, 0x8E, 0x09, 0x01,
    0x00, 0x00, 0xA1, 0x20, 0x70, 0x00, 0x10, 0x8D, 0x48, 0xF9, 0x31, 0xD2, 0x83, 0xF8, 0x08, 0x0F,
    0x43, 0xD1, 0xA1, 0x24, 0x70, 0x00, 0x10, 0x83, 0xF8, 0xFE, 0xB9, 0xFD, 0xFF, 0xFF, 0xFF, 0x0F,
    0x4D, 0xC8, 0x83, 0xC1, 0x03, 0x39, 0xD1, 0x0F, 0x43, 0xCA, 0x89, 0x0D, 0x24, 0x70, 0x00, 0x10,
    0xE9, 0x0F, 0x02, 0x00, 0x00, 0x83, 0x3D, 0x20, 0x70, 0x00, 0x10, 0x08, 0x0F, 0x82, 0xB1, 0x00,
    0x00, 0x00, 0x0F, 0xBF, 0xC2, 0xF3, 0x0F, 0x2A, 0xC0, 0xF3, 0x0F, 0x10, 0x0D, 0x14, 0x91, 0x06,
    0x10, 0xF3, 0x0F, 0x58, 0x0D, 0x08, 0x61, 0x00, 0x10, 0x0F, 0x2E, 0xC1, 0x0F, 0x82, 0x91, 0x00,
    0x00, 0x00, 0xF3, 0x0F, 0x10, 0x0D, 0x14, 0x91, 0x06, 0x10, 0xF3, 0x0F, 0x58, 0x0D, 0x18, 0x91,
    0x06, 0x10, 0xF3, 0x0F, 0x58, 0x0D, 0x0C, 0x61, 0x00, 0x10, 0x0F, 0x2E, 0xC8, 0x72, 0x74, 0xC1,
    0xFA, 0x10, 0x0F, 0x57, 0xC0, 0xF3, 0x0F, 0x2A, 0xC2, 0x0F, 0x2E, 0x05, 0x1C, 0x91, 0x06, 0x10,
    0x72, 0x61, 0xF3, 0x0F, 0x10, 0x0D, 0x1C, 0x91, 0x06, 0x10, 0xF3, 0x0F, 0x58, 0x0D, 0x20, 0x91,
    0x06, 0x10, 0x0F, 0x2E, 0xC8, 0x72, 0x4C, 0xC7, 0x05, 0x70, 0x90, 0x06, 0x10, 0x01, 0x00, 0x00,
    0x00, 0x89, 0xD1, 0xE8, 0x98, 0x01, 0x00, 0x00, 0xE9, 0x87, 0x01, 0x00, 0x00, 0x83, 0x3D, 0x70,
    0x90, 0x06, 0x10, 0x00, 0x74, 0x2D, 0xC7, 0x05, 0x70, 0x90, 0x06, 0x10, 0x00, 0x00, 0x00, 0x00,
    0xE9, 0x6F, 0x01, 0x00, 0x00, 0x83, 0xC3, 0xF3, 0x83, 0xFB, 0x17, 0x77, 0x16, 0xFF, 0x24, 0x9D,
    0x2C, 0x60, 0x00, 0x10, 0xC7, 0x05, 0x10, 0x91, 0x06, 0x10, 0x01, 0x00, 0x00, 0x00, 0xE9, 0x51,
    0x01, 0x00, 0x00, 0x83, 0x3D, 0xFC, 0x90, 0x06, 0x10, 0x00, 0x74, 0x08, 0x5E, 0x5F, 0x5B, 0xE9,
    0xFC, 0x5B, 0x06, 0x00, 0x31, 0xC0, 0xE9, 0x3E, 0x01, 0x00, 0x00, 0xB8, 0x01, 0x00, 0x00, 0x00,
    0x0F, 0x89, 0x33, 0x01, 0x00, 0x00, 0x8B, 0x0D, 0x20, 0x70, 0x00, 0x10, 0x8D, 0x51, 0xF9, 0x31,
    0xF6, 0x83, 0xF9, 0x08, 0x0F, 0x43, 0xF2, 0x8B, 0x0D, 0x24, 0x70, 0x00, 0x10, 0x83, 0xF9, 0x04,
    0xBA, 0x03, 0x00, 0x00, 0x00, 0x0F, 0x4D, 0xD1, 0x83, 0xC2, 0xFD, 0x39, 0xF2, 0x0F, 0x43, 0xD6,
    0x89, 0x15, 0x24, 0x70, 0x00, 0x10, 0xE9, 0xFE, 0x00, 0x00, 0x00, 0x8B, 0x15, 0x74, 0x90, 0x06,
    0x10, 0xB8, 0x01, 0x00, 0x00, 0x00, 0x85, 0xD2, 0x0F, 0x84, 0xEB, 0x00, 0x00, 0x00, 0x8D, 0x72,
    0xFF, 0x89, 0x35, 0x74, 0x90, 0x06, 0x10, 0xC6, 0x82, 0x77, 0x90, 0x06, 0x10, 0x00, 0x8B, 0x15,
    0x18, 0x70, 0x00, 0x10, 0x85, 0xD2, 0x0F, 0x84, 0xCD, 0x00, 0x00, 0x00, 0x8B, 0x49, 0x08, 0x85,
    0xC9, 0x0F, 0x84, 0xC2, 0x00, 0x00, 0x00, 0x81, 0xC2, 0x60, 0x0F, 0x08, 0x00, 0x6A, 0x00, 0x68,
    0x78, 0x90, 0x06, 0x10, 0xFF, 0xD2, 0xE9, 0xA9, 0x00, 0x00, 0x00, 0xA1, 0x20, 0x70, 0x00, 0x10,
    0x8D, 0x48, 0xF9, 0x31, 0xD2, 0x83, 0xF8, 0x08, 0x0F, 0x43, 0xD1, 0xA1, 0x24, 0x70, 0x00, 0x10,
    0x83, 0xF8, 0xFB, 0xB9, 0xFA, 0xFF, 0xFF, 0xFF, 0x0F, 0x4D, 0xC8, 0x83, 0xC1, 0x06, 0xE9, 0x62,
    0xFE, 0xFF, 0xFF, 0xA1, 0x20, 0x70, 0x00, 0x10, 0x8D, 0x48, 0xF9, 0x31, 0xD2, 0x83, 0xF8, 0x08,
    0x0F, 0x43, 0xD1, 0x89, 0x15, 0x24, 0x70, 0x00, 0x10, 0xEB, 0x69, 0xA1, 0x18, 0x70, 0x00, 0x10,
    0x85, 0xC0, 0x74, 0x07, 0x05, 0xE0, 0x58, 0x06, 0x00, 0xFF, 0xD0, 0xC7, 0x05, 0x74, 0x90, 0x06,
    0x10, 0x00, 0x00, 0x00, 0x00, 0xC6, 0x05, 0x78, 0x90, 0x06, 0x10, 0x00, 0xC7, 0x05, 0x24, 0x70,
    0x00, 0x10, 0x00, 0x00, 0x00, 0x00, 0xC7, 0x05, 0x70, 0x90, 0x06, 0x10, 0x00, 0x00, 0x00, 0x00,
    0xEB, 0x32, 0xA1, 0x20, 0x70, 0x00, 0x10, 0x8D, 0x48, 0xF9, 0x31, 0xD2, 0x83, 0xF8, 0x08, 0x0F,
    0x43, 0xD1, 0xA1, 0x24, 0x70, 0x00, 0x10, 0x83, 0xF8, 0x07, 0xB9, 0x06, 0x00, 0x00, 0x00, 0x0F,
    0x4D, 0xC8, 0x83, 0xC1, 0xFA, 0xE9, 0xEB, 0xFD, 0xFF, 0xFF, 0xC7, 0x05, 0x24, 0x70, 0x00, 0x10,
    0x00, 0x00, 0x00, 0x00, 0xB8, 0x01, 0x00, 0x00, 0x00, 0x5E, 0x5F, 0x5B, 0xC2, 0x0C, 0x00, 0x90,
    0xA1, 0x20, 0x70, 0x00, 0x10, 0x83, 0xF8, 0x08, 0x0F, 0x82, 0xDB, 0x00, 0x00, 0x00, 0x0F, 0x57,
    0xC0, 0x0F, 0x2E, 0x05, 0x20, 0x91, 0x06, 0x10, 0x0F, 0x83, 0xCB, 0x00, 0x00, 0x00, 0x0F, 0x2E,
    0x05, 0x24, 0x91, 0x06, 0x10, 0x0F, 0x83, 0xBE, 0x00, 0x00, 0x00, 0xF3, 0x0F, 0x10, 0x15, 0x20,
    0x91, 0x06, 0x10, 0xF3, 0x0F, 0x5C, 0x15, 0x24, 0x91, 0x06, 0x10, 0x31, 0xD2, 0x0F, 0x2E, 0xC2,
    0x0F, 0x83, 0x9D, 0x00, 0x00, 0x00, 0x56, 0xF3, 0x0F, 0x2A, 0xD9, 0x83, 0xC0, 0xF9, 0xF3, 0x0F,
    0x5C, 0x1D, 0x1C, 0x91, 0x06, 0x10, 0xF3, 0x0F, 0x10, 0x0D, 0x00, 0x61, 0x00, 0x10, 0xF3, 0x0F,
    0x10, 0x25, 0x24, 0x91, 0x06, 0x10, 0xF3, 0x0F, 0x59, 0xE1, 0xF3, 0x0F, 0x5C, 0xDC, 0x0F, 0x57,
    0xE4, 0xF3, 0x0F, 0x5F, 0xE3, 0x0F, 0x28, 0xDA, 0xF3, 0x0F, 0x5D, 0xDC, 0xF3, 0x0F, 0x5E, 0xDA,
    0xF3, 0x0F, 0x10, 0x15, 0x04, 0x61, 0x00, 0x10, 0x0F, 0x28, 0xE2, 0xF3, 0x0F, 0x5C, 0xE3, 0xF3,
    0x0F, 0x5F, 0xC4, 0xF3, 0x0F, 0x5D, 0xD0, 0x66, 0x0F, 0x6E, 0xC0, 0x66, 0x0F, 0xEB, 0x05, 0xA0,
    0x60, 0x00, 0x10, 0xF2, 0x0F, 0x5C, 0x05, 0xB0, 0x60, 0x00, 0x10, 0xF2, 0x0F, 0x5A, 0xC0, 0xF3,
    0x0F, 0x59, 0xC2, 0xF3, 0x0F, 0x58, 0xC1, 0xF3, 0x0F, 0x2C, 0xC8, 0x89, 0xCA, 0xC1, 0xFA, 0x1F,
    0xF3, 0x0F, 0x5C, 0x05, 0x94, 0x60, 0x00, 0x10, 0xF3, 0x0F, 0x2C, 0xF0, 0x21, 0xD6, 0x09, 0xCE,
    0x89, 0x35, 0x24, 0x70, 0x00, 0x10, 0x8B, 0x0D, 0x24, 0x70, 0x00, 0x10, 0x89, 0xC2, 0x39, 0xC1,
    0x5E, 0x76, 0x06, 0x89, 0x15, 0x24, 0x70, 0x00, 0x10, 0xC3, 0x66, 0x0F, 0x1F, 0x44, 0x00, 0x00,
    0x55, 0x53, 0x57, 0x56, 0x81, 0xEC, 0x8C, 0x01, 0x00, 0x00, 0x83, 0x3D, 0x1C, 0x70, 0x00, 0x10,
    0x00, 0x0F, 0x95, 0x05, 0x69, 0x67, 0xBA, 0x00, 0x0F, 0x95, 0x05, 0x5D, 0xA4, 0xBA, 0x00, 0x0F,
    0x94, 0x05, 0xFB, 0xA3, 0xBA, 0x00, 0x83, 0x3D, 0x10, 0x91, 0x06, 0x10, 0x00, 0x0F, 0x95, 0xC1,
    0xA1, 0x18, 0x70, 0x00, 0x10, 0x85, 0xC0, 0x0F, 0x95, 0xC2, 0x20, 0xCA, 0x80, 0xFA, 0x01, 0x0F,
    0x85, 0xAC, 0x00, 0x00, 0x00, 0x8B, 0xB0, 0xE8, 0xA0, 0x21, 0x00, 0xC7, 0x05, 0x10, 0x91, 0x06,
    0x10, 0x00, 0x00, 0x00, 0x00, 0x85, 0xF6, 0x0F, 0x84, 0x94, 0x00, 0x00, 0x00, 0x83, 0xBE, 0xE0,
    0x14, 0x00, 0x00, 0x00, 0x0F, 0x84, 0x87, 0x00, 0x00, 0x00, 0x83, 0x3D, 0x74, 0x90, 0x06, 0x10,
    0x00, 0x74, 0x35, 0xC7, 0x44, 0x24, 0x08, 0xFF, 0xAA, 0x00, 0xFF, 0xC7, 0x44, 0x24, 0x04, 0xFF,
    0xFF, 0xFF, 0xFF, 0xC7, 0x04, 0x24, 0x3A, 0x63, 0x00, 0x10, 0xB9, 0x04, 0x00, 0x00, 0x00, 0xBA,
    0x78, 0x90, 0x06, 0x10, 0xE8, 0xE7, 0xF4, 0xFF, 0xFF, 0xC7, 0x05, 0x24, 0x70, 0x00, 0x10, 0x00,
    0x00, 0x00, 0x00, 0xA1, 0x18, 0x70, 0x00, 0x10, 0x8B, 0x4E, 0x08, 0x85, 0xC9, 0x74, 0x1E, 0x05,
    0x60, 0x0F, 0x08, 0x00, 0xC7, 0x44, 0x24, 0x04, 0x00, 0x00, 0x00, 0x00, 0xC7, 0x04, 0x24, 0x3A,
    0x63, 0x00, 0x10, 0xFF, 0xD0, 0x83, 0xEC, 0x08, 0xA1, 0x18, 0x70, 0x00, 0x10, 0x05, 0xE0, 0x58,
    0x06, 0x00, 0x89, 0xF1, 0xFF, 0xD0, 0xC7, 0x05, 0x74, 0x90, 0x06, 0x10, 0x00, 0x00, 0x00, 0x00,
    0xC6, 0x05, 0x78, 0x90, 0x06, 0x10, 0x00, 0xC7, 0x05, 0x70, 0x90, 0x06, 0x10, 0x00, 0x00, 0x00,
    0x00, 0xB8, 0xE0, 0xFA, 0x58, 0x00, 0xFF, 0xD0, 0xA1, 0x18, 0x70, 0x00, 0x10, 0x85, 0xC0, 0x0F,
    0x84, 0x19, 0x12, 0x00, 0x00, 0x8B, 0x88, 0xE4, 0xA0, 0x21, 0x00, 0x85, 0xC9, 0x0F, 0x84, 0x0B,
    0x12, 0x00, 0x00, 0x8B, 0x80, 0xE8, 0xA0, 0x21, 0x00, 0x89, 0x44, 0x24, 0x6C, 0x8B, 0x15, 0x44,
    0x70, 0xC1, 0x00, 0xA1, 0x48, 0x70, 0xC1, 0x00, 0x8D, 0xB2, 0xFF, 0xE1, 0xFF, 0xFF, 0x81, 0xFE,
    0x7F, 0xE4, 0xFF, 0xFF, 0x0F, 0x92, 0xC3, 0x8D, 0xB0, 0x1F, 0xEF, 0xFF, 0xFF, 0x81, 0xFE, 0xFF,
    0xF0, 0xFF, 0xFF, 0x0F, 0x92, 0xC7, 0x08, 0xDF, 0x0F, 0x85, 0xD0, 0x11, 0x00, 0x00, 0x8B, 0x74,
    0x24, 0x6C, 0x85, 0xF6, 0x74, 0x0E, 0x83, 0xBE, 0xE0, 0x14, 0x00, 0x00, 0x00, 0x0F, 0x94, 0x44,
    0x24, 0x33, 0xEB, 0x05, 0xC6, 0x44, 0x24, 0x33, 0x01, 0x8B, 0xB9, 0xA2, 0x63, 0x00, 0x00, 0x8B,
    0xB1, 0xA6, 0x63, 0x00, 0x00, 0x89, 0x7C, 0x24, 0x48, 0x85, 0xFF, 0x0F, 0x95, 0xC3, 0x85, 0xF6,
    0x0F, 0x95, 0xC7, 0x20, 0xDF, 0x80, 0xFF, 0x01, 0x0F, 0x85, 0x90, 0x11, 0x00, 0x00, 0x89, 0x74,
    0x24, 0x64, 0xF3, 0x0F, 0x2A, 0xC2, 0x0F, 0x11, 0x84, 0x24, 0x90, 0x00, 0x00, 0x00, 0x0F, 0x57,
    0xC0, 0xF3, 0x0F, 0x2A, 0xC0, 0x0F, 0x11, 0x84, 0x24, 0xA8, 0x00, 0x00, 0x00, 0xC7, 0x84, 0x24,
    0x04, 0x01, 0x00, 0x00, 0x00, 0x00, 0x00, 0x00, 0x8B, 0xB1, 0xAE, 0x63, 0x00, 0x00, 0x85, 0xF6,
    0x75, 0x0E, 0x8B, 0x35, 0x28, 0x7C, 0xC9, 0x00, 0x85, 0xF6, 0x0F, 0x84, 0xD0, 0x00, 0x00, 0x00,
    0x0F, 0xB7, 0xC0, 0xD1, 0xE8, 0x69, 0xC0, 0xB5, 0x97, 0x00, 0x00, 0xC1, 0xE8, 0x14, 0x66, 0x83,
    0xF8, 0x0F, 0xB9, 0x0E, 0x00, 0x00, 0x00, 0x0F, 0x43, 0xC8, 0x66, 0x83, 0xF9, 0x16, 0xB8, 0x16,
    0x00, 0x00, 0x00, 0x0F, 0x42, 0xC1, 0x89, 0x44, 0x24, 0x34, 0x01, 0xC0, 0x89, 0x44, 0x24, 0x54,
    0xA1, 0x30, 0x91, 0x06, 0x10, 0x85, 0xC0, 0x74, 0x20, 0x39, 0x35, 0x38, 0x91, 0x06, 0x10, 0x75,
    0x18, 0x8B, 0x4C, 0x24, 0x34, 0x39, 0x0D, 0x28, 0x91, 0x06, 0x10, 0x75, 0x0C, 0x8B, 0x4C, 0x24,
    0x54, 0x39, 0x0D, 0x3C, 0x91, 0x06, 0x10, 0x74, 0x77, 0x85, 0xC0, 0x74, 0x15, 0x8B, 0x08, 0x85,
    0xC9, 0x74, 0x0F, 0x8B, 0x49, 0x08, 0x85, 0xC9, 0x74, 0x08, 0x89, 0x04, 0x24, 0xFF, 0xD1, 0x83,
    0xEC, 0x04, 0xC7, 0x05, 0x30, 0x91, 0x06, 0x10, 0x00, 0x00, 0x00, 0x00, 0xC7, 0x05, 0x28, 0x91,
    0x06, 0x10, 0x00, 0x00, 0x00, 0x00, 0xC7, 0x05, 0x3C, 0x91, 0x06, 0x10, 0x00, 0x00, 0x00, 0x00,
    0xC7, 0x05, 0x38, 0x91, 0x06, 0x10, 0x00, 0x00, 0x00, 0x00, 0xC6, 0x05, 0x34, 0x91, 0x06, 0x10,
    0x00, 0x64, 0xA1, 0x30, 0x00, 0x00, 0x00, 0x85, 0xC0, 0x74, 0x25, 0x8B, 0x48, 0x0C, 0x85, 0xC9,
    0x74, 0x1E, 0x89, 0xC8, 0x8B, 0x68, 0x14, 0x83, 0xC1, 0x14, 0x85, 0xED, 0x0F, 0x94, 0xC0, 0x89,
    0x4C, 0x24, 0x38, 0x39, 0xCD, 0x0F, 0x94, 0xC1, 0x08, 0xC1, 0x0F, 0x84, 0xE7, 0x0C, 0x00, 0x00,
    0x0F, 0x10, 0xA4, 0x24, 0x90, 0x00, 0x00, 0x00, 0xF3, 0x0F, 0x5E, 0x25, 0x10, 0x61, 0x00, 0x10,
    0x0F, 0x10, 0x84, 0x24, 0xA8, 0x00, 0x00, 0x00, 0xF3, 0x0F, 0x5E, 0x05, 0x8C, 0x60, 0x00, 0x10,
    0x0F, 0x11, 0x84, 0x24, 0xA8, 0x00, 0x00, 0x00, 0x8B, 0x35, 0x20, 0x70, 0x00, 0x10, 0x8D, 0x4E,
    0xF9, 0x31, 0xC0, 0x83, 0xFE, 0x08, 0x89, 0x8C, 0x24, 0xD0, 0x00, 0x00, 0x00, 0x0F, 0x43, 0xC1,
    0x8B, 0x0D, 0x24, 0x70, 0x00, 0x10, 0x39, 0xC1, 0x76, 0x05, 0xA3, 0x24, 0x70, 0x00, 0x10, 0xF3,
    0x0F, 0x10, 0x05, 0x48, 0x61, 0x00, 0x10, 0xF3, 0x0F, 0x59, 0xC4, 0xF3, 0x0F, 0x10, 0x0D, 0x4C,
    0x61, 0x00, 0x10, 0xF3, 0x0F, 0x59, 0xCC, 0x0F, 0x10, 0x9C, 0x24, 0x90, 0x00, 0x00, 0x00, 0xF3,
    0x0F, 0x59, 0x1D, 0x50, 0x61, 0x00, 0x10, 0xF3, 0x0F, 0x5D, 0xC3, 0xF3, 0x0F, 0xC2, 0xD9, 0x01,
    0x0F, 0x28, 0xD3, 0x0F, 0x55, 0xD0, 0x0F, 0x54, 0xD9, 0x0F, 0x56, 0xDA, 0x0F, 0x11, 0x9C, 0x24,
    0x90, 0x00, 0x00, 0x00, 0xF3, 0x0F, 0x10, 0x05, 0x54, 0x61, 0x00, 0x10, 0x0F, 0x10, 0x9C, 0x24,
    0xA8, 0x00, 0x00, 0x00, 0xF3, 0x0F, 0x59, 0xC3, 0xF3, 0x0F, 0x10, 0x2D, 0x98, 0x60, 0x00, 0x10,
    0xF3, 0x0F, 0x59, 0xEB, 0x0F, 0x11, 0x84, 0x24, 0xF4, 0x00, 0x00, 0x00, 0xF3, 0x0F, 0x5D, 0xC5,
    0xF3, 0x0F, 0x10, 0x0D, 0x58, 0x61, 0x00, 0x10, 0xF3, 0x0F, 0xC2, 0xE9, 0x01, 0x0F, 0x28, 0xD5,
    0x0F, 0x55, 0xD0, 0x0F, 0x54, 0xE9, 0x0F, 0x56, 0xEA, 0x0F, 0x11, 0x6C, 0x24, 0x54, 0xF3, 0x0F,
    0x10, 0x05, 0xE0, 0x60, 0x00, 0x10, 0x0F, 0x28, 0xCB, 0xF3, 0x0F, 0x59, 0xC8, 0xF3, 0x0F, 0x10,
    0x15, 0x5C, 0x61, 0x00, 0x10, 0xF3, 0x0F, 0x59, 0xD3, 0x0F, 0x11, 0x8C, 0x24, 0x60, 0x01, 0x00,
    0x00, 0xF3, 0x0F, 0x5D, 0xCA, 0xF3, 0x0F, 0x10, 0x2D, 0x60, 0x61, 0x00, 0x10, 0xF3, 0x0F, 0x11,
    0x94, 0x24, 0xA0, 0x00, 0x00, 0x00, 0x0F, 0x28, 0xF2, 0xF3, 0x0F, 0xC2, 0xF5, 0x01, 0x0F, 0x28,
    0xD6, 0x0F, 0x55, 0xD1, 0x0F, 0x54, 0xF5, 0x0F, 0x28, 0xEC, 0xF3, 0x0F, 0x58, 0xEB, 0xF3, 0x0F,
    0x59, 0x2D, 0x00, 0x61, 0x00, 0x10, 0xF3, 0x0F, 0x59, 0x2D, 0x64, 0x61, 0x00, 0x10, 0x0F, 0x56,
    0xF2, 0x0F, 0x11, 0xB4, 0x24, 0xE4, 0x00, 0x00, 0x00, 0xF3, 0x0F, 0x10, 0x0D, 0xB8, 0x60, 0x00,
    0x10, 0xF3, 0x0F, 0x5D, 0xCD, 0xF3, 0x0F, 0xC2, 0xE8, 0x01, 0x0F, 0x28, 0xD5, 0x0F, 0x55, 0xD1,
    0x0F, 0x54, 0xE8, 0x0F, 0x56, 0xEA, 0x0F, 0x11, 0x6C, 0x24, 0x70, 0x8B, 0x0D, 0x28, 0x91, 0x06,
    0x10, 0x85, 0xC9, 0xBA, 0x10, 0x00, 0x00, 0x00, 0x0F, 0x45, 0xD1, 0x89, 0x94, 0x24, 0xCC, 0x00,
    0x00, 0x00, 0x8B, 0x0D, 0x24, 0x70, 0x00, 0x10, 0x39, 0xC1, 0x76, 0x05, 0xA3, 0x24, 0x70, 0x00,
    0x10, 0xF3, 0x0F, 0x10, 0x05, 0x40, 0x61, 0x00, 0x10, 0xF3, 0x0F, 0x59, 0xC4, 0xF3, 0x0F, 0x11,
    0x44, 0x24, 0x40, 0xF3, 0x0F, 0x10, 0x05, 0x44, 0x61, 0x00, 0x10, 0xF3, 0x0F, 0x59, 0x84, 0x24,
    0xA8, 0x00, 0x00, 0x00, 0xF3, 0x0F, 0x11, 0x44, 0x24, 0x44, 0x85, 0xF6, 0xF3, 0x0F, 0x11, 0x64,
    0x24, 0x38, 0x89, 0xB4, 0x24, 0xD4, 0x00, 0x00, 0x00, 0x74, 0x2D, 0xA1, 0x24, 0x70, 0x00, 0x10,
    0x89, 0xF5, 0x29, 0xC5, 0x31, 0xFF, 0x83, 0xED, 0x07, 0x0F, 0x42, 0xEF, 0x01, 0xE8, 0x89, 0xF1,
    0x29, 0xC1, 0x83, 0xF9, 0x07, 0xBA, 0x07, 0x00, 0x00, 0x00, 0x0F, 0x42, 0xD1, 0x89, 0x94, 0x24,
    0xA4, 0x00, 0x00, 0x00, 0x29, 0xC6, 0x75, 0x5F, 0xF3, 0x0F, 0x10, 0x05, 0x7C, 0x61, 0x00, 0x10,
    0xF3, 0x0F, 0x59, 0xC4, 0x0F, 0x57, 0xC9, 0xF3, 0x0F, 0x5F, 0xC1, 0x0F, 0x10, 0x8C, 0x24, 0x90,
    0x00, 0x00, 0x00, 0xF3, 0x0F, 0x5D, 0xC8, 0x0F, 0x11, 0x8C, 0x24, 0x90, 0x00, 0x00, 0x00, 0x0F,
    0x10, 0x6C, 0x24, 0x54, 0x0F, 0x10, 0xB4, 0x24, 0xE4, 0x00, 0x00, 0x00, 0xF3, 0x0F, 0x58, 0xEE,
    0xB3, 0x01, 0xC7, 0x84, 0x24, 0xA4, 0x00, 0x00, 0x00, 0x00, 0x00, 0x00, 0x00, 0xF3, 0x0F, 0x10,
    0x5C, 0x24, 0x44, 0xF3, 0x0F, 0x11, 0x5C, 0x24, 0x34, 0x8B, 0x6C, 0x24, 0x64, 0x0F, 0xB6, 0x4C,
    0x24, 0x33, 0xE9, 0xDA, 0x03, 0x00, 0x00, 0xF3, 0x0F, 0x10, 0x05, 0x70, 0x61, 0x00, 0x10, 0xF3,
    0x0F, 0x59, 0xC4, 0x0F, 0x11, 0x84, 0x24, 0xB8, 0x00, 0x00, 0x00, 0xF3, 0x0F, 0x10, 0x05, 0x78,
    0x61, 0x00, 0x10, 0xF3, 0x0F, 0x59, 0xC4, 0xF3, 0x0F, 0x11, 0x44, 0x24, 0x3C, 0xF3, 0x0F, 0x10,
    0x05, 0x74, 0x61, 0x00, 0x10, 0xF3, 0x0F, 0x59, 0xC4, 0xF3, 0x0F, 0x11, 0x44, 0x24, 0x4C, 0x0F,
    0x57, 0xC0, 0xF3, 0x0F, 0x11, 0x44, 0x24, 0x34, 0xEB, 0x25, 0x66, 0x0F, 0x1F, 0x44, 0x00, 0x00,
    0xC7, 0x84, 0xBC, 0x70, 0x01, 0x00, 0x00, 0x00, 0x00, 0x00, 0x00, 0xC7, 0x84, 0xBC, 0x44, 0x01,
    0x00, 0x00, 0x00, 0x00, 0x00, 0x00, 0x47, 0x39, 0xFE, 0x0F, 0x84, 0xE7, 0x00, 0x00, 0x00, 0x8D,
    0x04, 0x2F, 0x8B, 0x0D, 0x20, 0x70, 0x00, 0x10, 0x39, 0xC1, 0x76, 0xD4, 0x8B, 0x15, 0x28, 0x90,
    0x06, 0x10, 0x29, 0xCA, 0x01, 0xD0, 0x25, 0xFF, 0x07, 0x00, 0x00, 0x69, 0xC0, 0xC4, 0x00, 0x00,
    0x00, 0x8D, 0x98, 0x28, 0x70, 0x00, 0x10, 0x89, 0x9C, 0xBC, 0x70, 0x01, 0x00, 0x00, 0x80, 0xB8,
    0x28, 0x70, 0x00, 0x10, 0x00, 0x0F, 0x84, 0xA0, 0x00, 0x00, 0x00, 0x8B, 0x4C, 0x24, 0x48, 0x89,
    0xDA, 0xE8, 0x8A, 0x0E, 0x00, 0x00, 0x0F, 0x28, 0xD8, 0xF3, 0x0F, 0x58, 0x1D, 0xF0, 0x61, 0x00,
    0x10, 0x80, 0x3B, 0x00, 0x74, 0x0C, 0x80, 0x7B, 0x1D, 0x00, 0x74, 0x06, 0xF3, 0x0F, 0x58, 0x5C,
    0x24, 0x4C, 0xF3, 0x0F, 0x10, 0x64, 0x24, 0x38, 0x80, 0x7B, 0x1D, 0x00, 0x74, 0x28, 0x83, 0xC3,
    0x1D, 0x8B, 0x4C, 0x24, 0x48, 0x89, 0xDA, 0x0F, 0x11, 0x9C, 0x24, 0x80, 0x00, 0x00, 0x00, 0xE8,
    0x4C, 0x0E, 0x00, 0x00, 0x0F, 0x10, 0x9C, 0x24, 0x80, 0x00, 0x00, 0x00, 0xF3, 0x0F, 0x10, 0x64,
    0x24, 0x38, 0xF3, 0x0F, 0x58, 0xD8, 0xF3, 0x0F, 0x58, 0x5C, 0x24, 0x3C, 0x0F, 0x10, 0x84, 0x24,
    0x90, 0x00, 0x00, 0x00, 0xF3, 0x0F, 0x5D, 0xC3, 0x0F, 0x10, 0x94, 0x24, 0xB8, 0x00, 0x00, 0x00,
    0xF3, 0x0F, 0xC2, 0xDA, 0x01, 0x0F, 0x28, 0xCB, 0x0F, 0x55, 0xC8, 0x0F, 0x54, 0xDA, 0x0F, 0x56,
    0xD9, 0xF3, 0x0F, 0x11, 0x9C, 0xBC, 0x44, 0x01, 0x00, 0x00, 0xF3, 0x0F, 0x5F, 0x5C, 0x24, 0x34,
    0xF3, 0x0F, 0x11, 0x5C, 0x24, 0x34, 0xE9, 0x1B, 0xFF, 0xFF, 0xFF, 0x0F, 0x57, 0xDB, 0x80, 0x7B,
    0x1D, 0x00, 0x75, 0x8A, 0xEB, 0xB0, 0xF3, 0x0F, 0x10, 0x05, 0x7C, 0x61, 0x00, 0x10, 0xF3, 0x0F,
    0x59, 0xC4, 0xF3, 0x0F, 0x5F, 0x44, 0x24, 0x34, 0xF3, 0x0F, 0x11, 0x84, 0x24, 0xC8, 0x00, 0x00,
    0x00, 0x0F, 0x28, 0xC4, 0xF3, 0x0F, 0x10, 0x4C, 0x24, 0x40, 0xF3, 0x0F, 0x58, 0xC1, 0xF3, 0x0F,
    0x11, 0x84, 0x24, 0xB8, 0x00, 0x00, 0x00, 0xF3, 0x0F, 0x10, 0x05, 0x6C, 0x61, 0x00, 0x10, 0xF3,
    0x0F, 0x58, 0x44, 0x24, 0x70, 0xF3, 0x0F, 0x11, 0x44, 0x24, 0x50, 0x0F, 0x10, 0x94, 0x24, 0xA8,
    0x00, 0x00, 0x00, 0xF3, 0x0F, 0x58, 0xD2, 0x0F, 0x10, 0x44, 0x24, 0x54, 0x0F, 0x28, 0xD8, 0xF3,
    0x0F, 0x11, 0x54, 0x24, 0x68, 0xF3, 0x0F, 0x5C, 0xDA, 0xF3, 0x0F, 0x11, 0x9C, 0x24, 0xE0, 0x00,
    0x00, 0x00, 0xF3, 0x0F, 0x10, 0x15, 0x80, 0x61, 0x00, 0x10, 0xF3, 0x0F, 0x59, 0xD0, 0xF3, 0x0F,
    0x11, 0x94, 0x24, 0xDC, 0x00, 0x00, 0x00, 0x0F, 0x28, 0xD4, 0xF3, 0x0F, 0x58, 0xD4, 0xF3, 0x0F,
    0x11, 0x54, 0x24, 0x3C, 0xF3, 0x0F, 0x10, 0x15, 0xE0, 0x60, 0x00, 0x10, 0xF3, 0x0F, 0x59, 0xD4,
    0xF3, 0x0F, 0x58, 0xD1, 0xF3, 0x0F, 0x11, 0x94, 0x24, 0xD8, 0x00, 0x00, 0x00, 0x0F, 0x28, 0xE8,
    0x0F, 0x10, 0xB4, 0x24, 0xE4, 0x00, 0x00, 0x00, 0xF3, 0x0F, 0x58, 0xEE, 0x31, 0xFF, 0x0F, 0x57,
    0xC9, 0xF3, 0x0F, 0x10, 0x44, 0x24, 0x44, 0xF3, 0x0F, 0x11, 0x44, 0x24, 0x34, 0x8B, 0x6C, 0x24,
    0x64, 0x0F, 0xB6, 0x4C, 0x24, 0x33, 0xF3, 0x0F, 0x11, 0x6C, 0x24, 0x4C, 0xEB, 0x0B, 0x66, 0x90,
    0x47, 0x39, 0xFE, 0x0F, 0x84, 0x87, 0x01, 0x00, 0x00, 0xF3, 0x0F, 0x10, 0x94, 0xBC, 0x44, 0x01,
    0x00, 0x00, 0x0F, 0x2E, 0xCA, 0x73, 0xE9, 0xF3, 0x0F, 0x10, 0x4C, 0x24, 0x68, 0xF3, 0x0F, 0x58,
    0x4C, 0x24, 0x34, 0x0F, 0x10, 0x44, 0x24, 0x70, 0xF3, 0x0F, 0x11, 0x44, 0x24, 0x04, 0x0F, 0x10,
    0x44, 0x24, 0x54, 0xF3, 0x0F, 0x11, 0x04, 0x24, 0xC7, 0x44, 0x24, 0x0C, 0x48, 0x00, 0x00, 0x00,
    0xC7, 0x44, 0x24, 0x08, 0x00, 0x00, 0x00, 0x00, 0xF3, 0x0F, 0x10, 0x84, 0x24, 0xB8, 0x00, 0x00,
    0x00, 0xF3, 0x0F, 0x11, 0x94, 0x24, 0x80, 0x00, 0x00, 0x00, 0x31, 0xC9, 0x31, 0xD2, 0xE8, 0xED,
    0x0D, 0x00, 0x00, 0x0F, 0x10, 0x44, 0x24, 0x70, 0xF3, 0x0F, 0x11, 0x44, 0x24, 0x04, 0x0F, 0x10,
    0x44, 0x24, 0x54, 0xF3, 0x0F, 0x11, 0x04, 0x24, 0xC7, 0x44, 0x24, 0x0C, 0x96, 0x00, 0x00, 0x00,
    0xC7, 0x44, 0x24, 0x08, 0x4B, 0x00, 0x00, 0x00, 0xF3, 0x0F, 0x10, 0x44, 0x24, 0x40, 0xF3, 0x0F,
    0x10, 0x4C, 0x24, 0x34, 0xF3, 0x0F, 0x10, 0x94, 0x24, 0x80, 0x00, 0x00, 0x00, 0xB9, 0x2C, 0x00,
    0x00, 0x00, 0xBA, 0x3A, 0x00, 0x00, 0x00, 0xE8, 0xA4, 0x0D, 0x00, 0x00, 0xF3, 0x0F, 0x10, 0x94,
    0x24, 0x80, 0x00, 0x00, 0x00, 0xF3, 0x0F, 0x5C, 0x54, 0x24, 0x3C, 0x0F, 0x10, 0x8C, 0x24, 0xA8,
    0x00, 0x00, 0x00, 0xF3, 0x0F, 0x58, 0x4C, 0x24, 0x34, 0xF3, 0x0F, 0x10, 0x44, 0x24, 0x50, 0xF3,
    0x0F, 0x11, 0x44, 0x24, 0x04, 0xF3, 0x0F, 0x10, 0x84, 0x24, 0xE0, 0x00, 0x00, 0x00, 0xF3, 0x0F,
    0x11, 0x04, 0x24, 0xC7, 0x44, 0x24, 0x0C, 0xE1, 0x00, 0x00, 0x00, 0xC7, 0x44, 0x24, 0x08, 0x18,
    0x00, 0x00, 0x00, 0xF3, 0x0F, 0x10, 0x84, 0x24, 0xB8, 0x00, 0x00, 0x00, 0xB9, 0x09, 0x00, 0x00,
    0x00, 0xBA, 0x0F, 0x00, 0x00, 0x00, 0xE8, 0x45, 0x0D, 0x00, 0x00, 0x0F, 0x10, 0x4C, 0x24, 0x54,
    0xF3, 0x0F, 0x59, 0x0D, 0x84, 0x61, 0x00, 0x10, 0xF3, 0x0F, 0x58, 0x4C, 0x24, 0x34, 0xF3, 0x0F,
    0x10, 0x84, 0x24, 0xDC, 0x00, 0x00, 0x00, 0xF3, 0x0F, 0x11, 0x04, 0x24, 0xC7, 0x44, 0x24, 0x0C,
    0xEB, 0x00, 0x00, 0x00, 0xC7, 0x44, 0x24, 0x08, 0xFF, 0x00, 0x00, 0x00, 0xC7, 0x44, 0x24, 0x04,
    0x00, 0x00, 0xC0, 0x3F, 0xF3, 0x0F, 0x10, 0x84, 0x24, 0xD8, 0x00, 0x00, 0x00, 0xF3, 0x0F, 0x10,
    0x54, 0x24, 0x3C, 0x31, 0xC9, 0xBA, 0xAE, 0x00, 0x00, 0x00, 0xE8, 0xF1, 0x0C, 0x00, 0x00, 0x0F,
    0x57, 0xC9, 0x0F, 0x10, 0xB4, 0x24, 0xE4, 0x00, 0x00, 0x00, 0xF3, 0x0F, 0x10, 0x6C, 0x24, 0x4C,
    0xF3, 0x0F, 0x10, 0x64, 0x24, 0x38, 0x0F, 0xB6, 0x4C, 0x24, 0x33, 0xF3, 0x0F, 0x10, 0x44, 0x24,
    0x34, 0xF3, 0x0F, 0x58, 0xC5, 0xF3, 0x0F, 0x11, 0x44, 0x24, 0x34, 0xE9, 0x70, 0xFE, 0xFF, 0xFF,
    0x0F, 0x10, 0x84, 0x24, 0x90, 0x00, 0x00, 0x00, 0xF3, 0x0F, 0x5D, 0x84, 0x24, 0xC8, 0x00, 0x00,
    0x00, 0x0F, 0x11, 0x84, 0x24, 0x90, 0x00, 0x00, 0x00, 0x31, 0xDB, 0xF3, 0x0F, 0x10, 0x5C, 0x24,
    0x44, 0xF3, 0x0F, 0x11, 0x6C, 0x24, 0x4C, 0xF3, 0x0F, 0x10, 0x05, 0x5C, 0x61, 0x00, 0x10, 0xF3,
    0x0F, 0x59, 0xC4, 0xF3, 0x0F, 0x10, 0x0D, 0xBC, 0x60, 0x00, 0x10, 0xF3, 0x0F, 0x5D, 0xC8, 0xF3,
    0x0F, 0x10, 0x3D, 0x60, 0x61, 0x00, 0x10, 0xF3, 0x0F, 0xC2, 0xC7, 0x01, 0x0F, 0x28, 0xD0, 0x0F,
    0x55, 0xD1, 0x0F, 0x54, 0xC7, 0x0F, 0x56, 0xC2, 0xF3, 0x0F, 0x11, 0x05, 0x18, 0x91, 0x06, 0x10,
    0xF3, 0x0F, 0x10, 0x05, 0x88, 0x61, 0x00, 0x10, 0xF3, 0x0F, 0x59, 0xC4, 0xF3, 0x0F, 0x11, 0x84,
    0x24, 0x80, 0x00, 0x00, 0x00, 0xF3, 0x0F, 0x58, 0x44, 0x24, 0x40, 0xF3, 0x0F, 0x11, 0x05, 0x14,
    0x91, 0x06, 0x10, 0xF3, 0x0F, 0x11, 0x1D, 0x1C, 0x91, 0x06, 0x10, 0xF3, 0x0F, 0x10, 0x05, 0x64,
    0x61, 0x00, 0x10, 0xF3, 0x0F, 0x59, 0xC5, 0xF3, 0x0F, 0x5C, 0xC6, 0xF3, 0x0F, 0x11, 0x05, 0x20,
    0x91, 0x06, 0x10, 0x8B, 0x84, 0x24, 0xD4, 0x00, 0x00, 0x00, 0x83, 0xF8, 0x08, 0x0F, 0x82, 0x65,
    0x01, 0x00, 0x00, 0x0F, 0x57, 0xC0, 0xF3, 0x0F, 0x2A, 0xC0, 0xF3, 0x0F, 0x10, 0x0D, 0x64, 0x61,
    0x00, 0x10, 0xF3, 0x0F, 0x5E, 0xC8, 0xF3, 0x0F, 0x59, 0x0D, 0x20, 0x91, 0x06, 0x10, 0xF3, 0x0F,
    0x10, 0x05, 0x78, 0x61, 0x00, 0x10, 0xF3, 0x0F, 0x59, 0x84, 0x24, 0xA8, 0x00, 0x00, 0x00, 0xF3,
    0x0F, 0x5F, 0xC1, 0x0F, 0x2E, 0x05, 0x20, 0x91, 0x06, 0x10, 0x76, 0x08, 0xF3, 0x0F, 0x10, 0x05,
    0x20, 0x91, 0x06, 0x10, 0xF3, 0x0F, 0x10, 0x0D, 0x20, 0x91, 0x06, 0x10, 0xF3, 0x0F, 0x5C, 0xC8,
    0xA1, 0x24, 0x70, 0x00, 0x10, 0xF3, 0x0F, 0x7E, 0x15, 0xB0, 0x60, 0x00, 0x10, 0x66, 0x0F, 0x6E,
    0xD8, 0x66, 0x0F, 0xEB, 0xDA, 0xF2, 0x0F, 0x5C, 0xDA, 0xF2, 0x0F, 0x5A, 0xDB, 0xF3, 0x0F, 0x10,
    0xA4, 0x24, 0xD0, 0x00, 0x00, 0x00, 0x66, 0x0F, 0x56, 0xE2, 0xF2, 0x0F, 0x5C, 0xE2, 0x0F, 0x57,
    0xD2, 0xF2, 0x0F, 0x5A, 0xD4, 0xF3, 0x0F, 0x5E, 0xDA, 0xF3, 0x0F, 0x11, 0x05, 0x24, 0x91, 0x06,
    0x10, 0xF3, 0x0F, 0x10, 0x05, 0x04, 0x61, 0x00, 0x10, 0xF3, 0x0F, 0x5C, 0xC3, 0xF3, 0x0F, 0x59,
    0xC1, 0xF3, 0x0F, 0x58, 0x05, 0x1C, 0x91, 0x06, 0x10, 0xF3, 0x0F, 0x11, 0x05, 0x2C, 0x91, 0x06,
    0x10, 0xF3, 0x0F, 0x10, 0x1D, 0x20, 0x91, 0x06, 0x10, 0xF3, 0x0F, 0x10, 0x15, 0x18, 0x91, 0x06,
    0x10, 0xF3, 0x0F, 0x10, 0x0D, 0x1C, 0x91, 0x06, 0x10, 0xF3, 0x0F, 0x10, 0x05, 0x14, 0x91, 0x06,
    0x10, 0x84, 0xC9, 0xB8, 0x1C, 0x00, 0x00, 0x00, 0xB9, 0x37, 0x00, 0x00, 0x00, 0x0F, 0x45, 0xC8,
    0x89, 0x4C, 0x24, 0x0C, 0xF3, 0x0F, 0x11, 0x1C, 0x24, 0xC7, 0x44, 0x24, 0x08, 0x7D, 0x00, 0x00,
    0x00, 0xC7, 0x44, 0x24, 0x04, 0x00, 0x00, 0x00, 0x40, 0xB8, 0x9B, 0x00, 0x00, 0x00, 0xBE, 0xEB,
    0x00, 0x00, 0x00, 0x0F, 0x45, 0xF0, 0xB9, 0x5A, 0x00, 0x00, 0x00, 0xBA, 0x69, 0x00, 0x00, 0x00,
    0xE8, 0xFB, 0x0A, 0x00, 0x00, 0xF3, 0x0F, 0x10, 0x1D, 0x24, 0x91, 0x06, 0x10, 0xF3, 0x0F, 0x10,
    0x15, 0x18, 0x91, 0x06, 0x10, 0xF3, 0x0F, 0x10, 0x0D, 0x2C, 0x91, 0x06, 0x10, 0xF3, 0x0F, 0x10,
    0x05, 0x14, 0x91, 0x06, 0x10, 0x89, 0x74, 0x24, 0x0C, 0xF3, 0x0F, 0x11, 0x1C, 0x24, 0xC7, 0x44,
    0x24, 0x08, 0xFF, 0x00, 0x00, 0x00, 0xC7, 0x44, 0x24, 0x04, 0x00, 0x00, 0x00, 0x40, 0x31, 0xC9,
    0xBA, 0xAE, 0x00, 0x00, 0x00, 0xE8, 0xB6, 0x0A, 0x00, 0x00, 0x0F, 0xB6, 0x4C, 0x24, 0x33, 0x84,
    0xC9, 0x74, 0x21, 0xE9, 0x04, 0x02, 0x00, 0x00, 0xC7, 0x05, 0x2C, 0x91, 0x06, 0x10, 0x00, 0x00,
    0x00, 0x00, 0xC7, 0x05, 0x24, 0x91, 0x06, 0x10, 0x00, 0x00, 0x00, 0x00, 0x84, 0xC9, 0x0F, 0x85,
    0xE8, 0x01, 0x00, 0x00, 0x0F, 0x57, 0xC9, 0x84, 0xDB, 0xF3, 0x0F, 0x10, 0x5C, 0x24, 0x38, 0x75,
    0x09, 0xF3, 0x0F, 0x10, 0x8C, 0x24, 0xA0, 0x00, 0x00, 0x00, 0xF3, 0x0F, 0x58, 0x4C, 0x24, 0x34,
    0xF3, 0x0F, 0x10, 0x05, 0x8C, 0x61, 0x00, 0x10, 0x0F, 0x10, 0x94, 0x24, 0xA8, 0x00, 0x00, 0x00,
    0xF3, 0x0F, 0x59, 0xC2, 0x0F, 0x28, 0xF2, 0x0F, 0x10, 0x94, 0x24, 0xF4, 0x00, 0x00, 0x00, 0xF3,
    0x0F, 0x5D, 0xC2, 0x0F, 0x28, 0xE9, 0xF3, 0x0F, 0x11, 0x4C, 0x24, 0x34, 0xF3, 0x0F, 0x10, 0x0D,
    0x90, 0x61, 0x00, 0x10, 0x0F, 0x28, 0xE2, 0xF3, 0x0F, 0xC2, 0xE1, 0x01, 0x0F, 0x28, 0xD4, 0x0F,
    0x55, 0xD0, 0x0F, 0x54, 0xE1, 0x0F, 0x56, 0xE2, 0x0F, 0x11, 0xA4, 0x24, 0xB8, 0x00, 0x00, 0x00,
    0x0F, 0x28, 0xCE, 0xF3, 0x0F, 0x58, 0xCE, 0xF3, 0x0F, 0x11, 0x8C, 0x24, 0xE4, 0x00, 0x00, 0x00,
    0xF3, 0x0F, 0x58, 0xCD, 0x0F, 0x28, 0xC3, 0xF3, 0x0F, 0x58, 0x44, 0x24, 0x40, 0xF3, 0x0F, 0x11,
    0x44, 0x24, 0x3C, 0x0F, 0x10, 0x54, 0x24, 0x70, 0xF3, 0x0F, 0x11, 0x54, 0x24, 0x04, 0xF3, 0x0F,
    0x11, 0x24, 0x24, 0xC7, 0x44, 0x24, 0x0C, 0x52, 0x00, 0x00, 0x00, 0xC7, 0x44, 0x24, 0x08, 0x00,
    0x00, 0x00, 0x00, 0x0F, 0x10, 0x94, 0x24, 0x90, 0x00, 0x00, 0x00, 0x31, 0xC9, 0x31, 0xD2, 0xE8,
    0xCC, 0x09, 0x00, 0x00, 0x0F, 0x10, 0x44, 0x24, 0x70, 0xF3, 0x0F, 0x11, 0x44, 0x24, 0x04, 0x0F,
    0x10, 0x84, 0x24, 0xB8, 0x00, 0x00, 0x00, 0xF3, 0x0F, 0x11, 0x04, 0x24, 0xC7, 0x44, 0x24, 0x0C,
    0xA5, 0x00, 0x00, 0x00, 0xC7, 0x44, 0x24, 0x08, 0x52, 0x00, 0x00, 0x00, 0xF3, 0x0F, 0x10, 0x44,
    0x24, 0x40, 0xF3, 0x0F, 0x10, 0x4C, 0x24, 0x34, 0x0F, 0x10, 0x94, 0x24, 0x90, 0x00, 0x00, 0x00,
    0xB9, 0x30, 0x00, 0x00, 0x00, 0xBA, 0x40, 0x00, 0x00, 0x00, 0xE8, 0x81, 0x09, 0x00, 0x00, 0x0F,
    0x10, 0x5C, 0x24, 0x70, 0xF3, 0x0F, 0x58, 0x1D, 0x6C, 0x61, 0x00, 0x10, 0x0F, 0x10, 0x84, 0x24,
    0xB8, 0x00, 0x00, 0x00, 0xF3, 0x0F, 0x5C, 0x84, 0x24, 0xE4, 0x00, 0x00, 0x00, 0xF3, 0x0F, 0x10,
    0x4C, 0x24, 0x38, 0xF3, 0x0F, 0x58, 0xC9, 0xF3, 0x0F, 0x11, 0x4C, 0x24, 0x70, 0x0F, 0x10, 0x94,
    0x24, 0x90, 0x00, 0x00, 0x00, 0xF3, 0x0F, 0x5C, 0xD1, 0x0F, 0x10, 0x8C, 0x24, 0xA8, 0x00, 0x00,
    0x00, 0xF3, 0x0F, 0x58, 0x4C, 0x24, 0x34, 0xF3, 0x0F, 0x11, 0x5C, 0x24, 0x04, 0xF3, 0x0F, 0x11,
    0x04, 0x24, 0xC7, 0x44, 0x24, 0x0C, 0xEE, 0x00, 0x00, 0x00, 0xC7, 0x44, 0x24, 0x08, 0x16, 0x00,
    0x00, 0x00, 0xF3, 0x0F, 0x10, 0x44, 0x24, 0x3C, 0xB9, 0x07, 0x00, 0x00, 0x00, 0xBA, 0x0D, 0x00,
    0x00, 0x00, 0xE8, 0x09, 0x09, 0x00, 0x00, 0xF3, 0x0F, 0x10, 0x15, 0x94, 0x61, 0x00, 0x10, 0x0F,
    0x10, 0x8C, 0x24, 0xB8, 0x00, 0x00, 0x00, 0xF3, 0x0F, 0x59, 0xD1, 0xF3, 0x0F, 0x59, 0x0D, 0x98,
    0x61, 0x00, 0x10, 0xF3, 0x0F, 0x58, 0x4C, 0x24, 0x34, 0xF3, 0x0F, 0x10, 0x05, 0xE0, 0x60, 0x00,
    0x10, 0xF3, 0x0F, 0x59, 0x44, 0x24, 0x38, 0xF3, 0x0F, 0x58, 0x44, 0x24, 0x40, 0xF3, 0x0F, 0x11,
    0x14, 0x24, 0xC7, 0x44, 0x24, 0x0C, 0xFF, 0x00, 0x00, 0x00, 0xC7, 0x44, 0x24, 0x08, 0xFF, 0x00,
    0x00, 0x00, 0xC7, 0x44, 0x24, 0x04, 0x00, 0x00, 0xC0, 0x3F, 0xF3, 0x0F, 0x10, 0x54, 0x24, 0x70,
    0x31, 0xC9, 0xBA, 0xAE, 0x00, 0x00, 0x00, 0xE8, 0xA4, 0x08, 0x00, 0x00, 0x8B, 0x45, 0x00, 0x85,
    0xC0, 0x0F, 0x84, 0x47, 0x06, 0x00, 0x00, 0x8B, 0x40, 0x20, 0x85, 0xC0, 0x0F, 0x84, 0x3C, 0x06,
    0x00, 0x00, 0x89, 0x2C, 0x24, 0xC7, 0x44, 0x24, 0x04, 0x10, 0x00, 0x00, 0x00, 0xFF, 0xD0, 0x83,
    0xEC, 0x08, 0x85, 0xC0, 0x0F, 0x88, 0x24, 0x06, 0x00, 0x00, 0x83, 0x3D, 0x30, 0x91, 0x06, 0x10,
    0x00, 0xF3, 0x0F, 0x10, 0x64, 0x24, 0x38, 0x74, 0x6E, 0xF6, 0x05, 0x34, 0x91, 0x06, 0x10, 0x01,
    0x74, 0x65, 0x8B, 0x45, 0x00, 0x85, 0xC0, 0x74, 0x5E, 0x8B, 0x40, 0x14, 0x85, 0xC0, 0x74, 0x57,
    0x0F, 0x28, 0x05, 0xA0, 0x61, 0x00, 0x10, 0x0F, 0x11, 0x84, 0x24, 0x24, 0x01, 0x00, 0x00, 0x0F,
    0x28, 0x05, 0xB0, 0x61, 0x00, 0x10, 0x0F, 0x11, 0x84, 0x24, 0x34, 0x01, 0x00, 0x00, 0xF3, 0x0F,
    0x10, 0x05, 0x00, 0x61, 0x00, 0x10, 0x0F, 0x11, 0x84, 0x24, 0x04, 0x01, 0x00, 0x00, 0xF2, 0x0F,
    0x10, 0x05, 0xC0, 0x61, 0x00, 0x10, 0x0F, 0x11, 0x84, 0x24, 0x14, 0x01, 0x00, 0x00, 0x8D, 0x8C,
    0x24, 0x04, 0x01, 0x00, 0x00, 0x89, 0x4C, 0x24, 0x04, 0x89, 0x2C, 0x24, 0xFF, 0xD0, 0x83, 0xEC,
    0x08, 0xF3, 0x0F, 0x10, 0x64, 0x24, 0x38, 0xF3, 0x0F, 0x10, 0x35, 0x68, 0x61, 0x00, 0x10, 0xF3,
    0x0F, 0x59, 0xF4, 0x84, 0xDB, 0x0F, 0xB6, 0x44, 0x24, 0x33, 0xF3, 0x0F, 0x11, 0x74, 0x24, 0x3C,
    0x74, 0x65, 0x84, 0xC0, 0x0F, 0x85, 0xF9, 0x04, 0x00, 0x00, 0x8B, 0x44, 0x24, 0x6C, 0x85, 0xC0,
    0x0F, 0x84, 0x84, 0x02, 0x00, 0x00, 0xBD, 0x78, 0x90, 0x06, 0x10, 0x83, 0xB8, 0xE0, 0x14, 0x00,
    0x00, 0x00, 0x8B, 0x7C, 0x24, 0x48, 0x0F, 0x85, 0x77, 0x02, 0x00, 0x00, 0xA1, 0x18, 0x70, 0x00,
    0x10, 0x85, 0xC0, 0x74, 0x28, 0x8B, 0x4C, 0x24, 0x6C, 0x8B, 0x49, 0x08, 0x85, 0xC9, 0x74, 0x1D,
    0x05, 0x30, 0x10, 0x08, 0x00, 0xFF, 0xD0, 0xF3, 0x0F, 0x10, 0x74, 0x24, 0x3C, 0xF3, 0x0F, 0x10,
    0x64, 0x24, 0x38, 0x89, 0xC5, 0x85, 0xC0, 0x0F, 0x85, 0x46, 0x02, 0x00, 0x00, 0xBD, 0x3A, 0x63,
    0x00, 0x10, 0xE9, 0x3C, 0x02, 0x00, 0x00, 0x0F, 0x57, 0xC0, 0xF3, 0x0F, 0x2A, 0x84, 0x24, 0xCC,
    0x00, 0x00, 0x00, 0x0F, 0x10, 0x5C, 0x24, 0x54, 0xF3, 0x0F, 0x5C, 0xD8, 0xF3, 0x0F, 0x59, 0x1D,
    0x00, 0x61, 0x00, 0x10, 0x0F, 0x10, 0x8C, 0x24, 0xA8, 0x00, 0x00, 0x00, 0xF3, 0x0F, 0x10, 0x15,
    0xB8, 0x60, 0x00, 0x10, 0xF3, 0x0F, 0x59, 0xD1, 0xF3, 0x0F, 0x10, 0x05, 0xBC, 0x60, 0x00, 0x10,
    0xF3, 0x0F, 0x58, 0x1D, 0x6C, 0x61, 0x00, 0x10, 0xF3, 0x0F, 0x59, 0xC1, 0xF3, 0x0F, 0x5D, 0xD3,
    0xF3, 0x0F, 0xC2, 0xD8, 0x01, 0x0F, 0x28, 0xCB, 0x0F, 0x55, 0xCA, 0x0F, 0x54, 0xD8, 0x0F, 0x56,
    0xD9, 0x0F, 0x11, 0x9C, 0x24, 0xE4, 0x00, 0x00, 0x00, 0xF3, 0x0F, 0x10, 0x44, 0x24, 0x40, 0xF3,
    0x0F, 0x58, 0xC6, 0xF3, 0x0F, 0x11, 0x44, 0x24, 0x50, 0x31, 0xF6, 0xF3, 0x0F, 0x10, 0x05, 0x74,
    0x61, 0x00, 0x10, 0xF3, 0x0F, 0x59, 0xC4, 0xF3, 0x0F, 0x11, 0x44, 0x24, 0x68, 0xEB, 0x5E, 0x80,
    0x7F, 0x1D, 0x00, 0xF3, 0x0F, 0x10, 0x44, 0x24, 0x50, 0x74, 0x21, 0x8B, 0x87, 0xB0, 0x00, 0x00,
    0x00, 0x83, 0xC7, 0x1D, 0x89, 0x44, 0x24, 0x08, 0xF3, 0x0F, 0x11, 0x64, 0x24, 0x04, 0x89, 0x3C,
    0x24, 0x8B, 0x4C, 0x24, 0x48, 0x89, 0xEA, 0xE8, 0x24, 0x0B, 0x00, 0x00, 0xF3, 0x0F, 0x10, 0x44,
    0x24, 0x44, 0xF3, 0x0F, 0x58, 0x44, 0x24, 0x4C, 0xF3, 0x0F, 0x11, 0x44, 0x24, 0x44, 0x0F, 0xB6,
    0x44, 0x24, 0x33, 0xF3, 0x0F, 0x10, 0x64, 0x24, 0x38, 0xF3, 0x0F, 0x10, 0x74, 0x24, 0x3C, 0x46,
    0x39, 0xB4, 0x24, 0xA4, 0x00, 0x00, 0x00, 0x0F, 0x84, 0xB5, 0xFE, 0xFF, 0xFF, 0x8B, 0xBC, 0xB4,
    0x70, 0x01, 0x00, 0x00, 0x85, 0xFF, 0x74, 0xE7, 0x0F, 0x10, 0x8C, 0x24, 0xE4, 0x00, 0x00, 0x00,
    0xF3, 0x0F, 0x10, 0x5C, 0x24, 0x44, 0xF3, 0x0F, 0x58, 0xCB, 0xF3, 0x0F, 0x10, 0x94, 0xB4, 0x44,
    0x01, 0x00, 0x00, 0xF3, 0x0F, 0x58, 0x54, 0x24, 0x40, 0xF3, 0x0F, 0x58, 0x94, 0x24, 0x80, 0x00,
    0x00, 0x00, 0x0F, 0x10, 0x64, 0x24, 0x54, 0xF3, 0x0F, 0x58, 0xE3, 0x80, 0x3F, 0x00, 0x0F, 0x84,
    0x5B, 0xFF, 0xFF, 0xFF, 0x8B, 0x87, 0xB4, 0x00, 0x00, 0x00, 0x89, 0x44, 0x24, 0x08, 0xF3, 0x0F,
    0x11, 0x64, 0x24, 0x04, 0x89, 0x3C, 0x24, 0x8B, 0x4C, 0x24, 0x48, 0x89, 0xEA, 0xF3, 0x0F, 0x10,
    0x44, 0x24, 0x50, 0xF3, 0x0F, 0x11, 0x4C, 0x24, 0x34, 0xF3, 0x0F, 0x11, 0x54, 0x24, 0x70, 0xF3,
    0x0F, 0x11, 0xA4, 0x24, 0xB8, 0x00, 0x00, 0x00, 0xE8, 0x73, 0x0A, 0x00, 0x00, 0xF3, 0x0F, 0x10,
    0xA4, 0x24, 0xB8, 0x00, 0x00, 0x00, 0xF3, 0x0F, 0x10, 0x54, 0x24, 0x70, 0xF3, 0x0F, 0x10, 0x4C,
    0x24, 0x34, 0x80, 0x7F, 0x1D, 0x00, 0x0F, 0x84, 0x30, 0xFF, 0xFF, 0xFF, 0xF3, 0x0F, 0x58, 0x44,
    0x24, 0x68, 0xE9, 0x04, 0xFF, 0xFF, 0xFF, 0x31, 0xC9, 0x89, 0x74, 0x24, 0x70, 0x81, 0xF9, 0x80,
    0x00, 0x00, 0x00, 0x0F, 0x84, 0x07, 0xF3, 0xFF, 0xFF, 0x8B, 0x45, 0x10, 0x8B, 0x7D, 0x28, 0x89,
    0x84, 0x24, 0x80, 0x00, 0x00, 0x00, 0x85, 0xC0, 0x0F, 0x94, 0xC0, 0x85, 0xFF, 0x0F, 0x94, 0xC2,
    0x08, 0xC2, 0x75, 0x5B, 0x31, 0xF6, 0x66, 0x2E, 0x0F, 0x1F, 0x84, 0x00, 0x00, 0x00, 0x00, 0x00,
    0x0F, 0xB7, 0x14, 0x77, 0x66, 0x85, 0xD2, 0x74, 0x39, 0x83, 0xFE, 0x0C, 0x74, 0x41, 0x0F, 0xB6,
    0x86, 0x6D, 0x62, 0x00, 0x10, 0x89, 0xD3, 0x80, 0xC3, 0xBF, 0x88, 0xD7, 0x80, 0xCF, 0x20, 0x80,
    0xFB, 0x1A, 0x0F, 0xB6, 0xDF, 0x0F, 0x43, 0xDA, 0x89, 0xC2, 0x80, 0xC2, 0xBF, 0x88, 0xC6, 0x80,
    0xCE, 0x20, 0x80, 0xFA, 0x1A, 0x0F, 0xB6, 0xD6, 0x0F, 0x43, 0xD0, 0x46, 0x38, 0xD3, 0x74, 0xC0,
    0xEB, 0x0D, 0x80, 0xBE, 0x6D, 0x62, 0x00, 0x10, 0x00, 0x0F, 0x84, 0x1A, 0x03, 0x00, 0x00, 0x8B,
    0x6D, 0x00, 0x85, 0xED, 0x0F, 0x84, 0x86, 0xF2, 0xFF, 0xFF, 0x41, 0x3B, 0x6C, 0x24, 0x38, 0x0F,
    0x85, 0x68, 0xFF, 0xFF, 0xFF, 0xE9, 0x76, 0xF2, 0xFF, 0xFF, 0xBD, 0x3A, 0x63, 0x00, 0x10, 0x8B,
    0x7C, 0x24, 0x48, 0x0F, 0x57, 0xFF, 0x84, 0xDB, 0x75, 0x09, 0xF3, 0x0F, 0x10, 0xBC, 0x24, 0xA0,
    0x00, 0x00, 0x00, 0xF3, 0x0F, 0x58, 0x7C, 0x24, 0x44, 0xF3, 0x0F, 0x10, 0x05, 0x8C, 0x61, 0x00,
    0x10, 0x0F, 0x10, 0x9C, 0x24, 0xA8, 0x00, 0x00, 0x00, 0xF3, 0x0F, 0x59, 0xC3, 0x0F, 0x10, 0xAC,
    0x24, 0xF4, 0x00, 0x00, 0x00, 0xF3, 0x0F, 0x5D, 0xC5, 0xF3, 0x0F, 0x10, 0x0D, 0x90, 0x61, 0x00,
    0x10, 0xF3, 0x0F, 0xC2, 0xE9, 0x01, 0x0F, 0x28, 0xD5, 0x0F, 0x55, 0xD0, 0x0F, 0x54, 0xE9, 0xF3,
    0x0F, 0x59, 0x1D, 0xD0, 0x61, 0x00, 0x10, 0xA1, 0x28, 0x91, 0x06, 0x10, 0x85, 0xC0, 0xB9, 0x10,
    0x00, 0x00, 0x00, 0x0F, 0x45, 0xC8, 0x0F, 0x56, 0xEA, 0x0F, 0x57, 0xC0, 0xF3, 0x0F, 0x2A, 0xC1,
    0x0F, 0x11, 0xAC, 0x24, 0xF4, 0x00, 0x00, 0x00, 0xF3, 0x0F, 0x5C, 0xE8, 0xF3, 0x0F, 0x59, 0x2D,
    0x00, 0x61, 0x00, 0x10, 0xF3, 0x0F, 0x58, 0x2D, 0x6C, 0x61, 0x00, 0x10, 0xF3, 0x0F, 0x5D, 0xDD,
    0x0F, 0x10, 0x8C, 0x24, 0x60, 0x01, 0x00, 0x00, 0xF3, 0x0F, 0xC2, 0xE9, 0x01, 0x0F, 0x28, 0xC5,
    0x0F, 0x55, 0xC3, 0x0F, 0x54, 0xE9, 0x0F, 0x56, 0xE8, 0xF3, 0x0F, 0x10, 0x4C, 0x24, 0x40, 0xF3,
    0x0F, 0x58, 0xF1, 0x0F, 0x10, 0x84, 0x24, 0x90, 0x00, 0x00, 0x00, 0xF3, 0x0F, 0x58, 0xC1, 0xF3,
    0x0F, 0x10, 0x15, 0xD4, 0x61, 0x00, 0x10, 0xF3, 0x0F, 0x59, 0xD4, 0xF3, 0x0F, 0x58, 0xD0, 0xF3,
    0x0F, 0x58, 0xEF, 0xA1, 0x0C, 0x70, 0x00, 0x10, 0x85, 0xC0, 0x0F, 0x11, 0xAC, 0x24, 0x80, 0x00,
    0x00, 0x00, 0xF3, 0x0F, 0x11, 0x54, 0x24, 0x54, 0x74, 0x38, 0xF3, 0x0F, 0x11, 0x74, 0x24, 0x3C,
    0xF3, 0x0F, 0x11, 0x7C, 0x24, 0x34, 0xFF, 0xD0, 0xF3, 0x0F, 0x10, 0x54, 0x24, 0x54, 0x0F, 0x10,
    0xAC, 0x24, 0x80, 0x00, 0x00, 0x00, 0xF3, 0x0F, 0x10, 0x7C, 0x24, 0x34, 0xF3, 0x0F, 0x10, 0x74,
    0x24, 0x3C, 0xB9, 0xD3, 0x4D, 0x62, 0x10, 0xF7, 0xE1, 0x0F, 0xBA, 0xE2, 0x05, 0x0F, 0x93, 0xC3,
    0xEB, 0x02, 0xB3, 0x01, 0xF3, 0x0F, 0x58, 0xBC, 0x24, 0xF4, 0x00, 0x00, 0x00, 0xF3, 0x0F, 0x11,
    0x7C, 0x24, 0x34, 0xF3, 0x0F, 0x11, 0x7C, 0x24, 0x04, 0xC7, 0x44, 0x24, 0x0C, 0xFF, 0x00, 0x00,
    0x00, 0xC7, 0x44, 0x24, 0x08, 0xFF, 0xAA, 0x00, 0xFF, 0xC7, 0x04, 0x24, 0xDB, 0x62, 0x00, 0x10,
    0x89, 0xF9, 0x8B, 0x74, 0x24, 0x64, 0x89, 0xF2, 0x0F, 0x28, 0xC6, 0x0F, 0x28, 0xCD, 0xE8, 0x2D,
    0x0A, 0x00, 0x00, 0xF3, 0x0F, 0x10, 0x1D, 0x64, 0x61, 0x00, 0x10, 0xF3, 0x0F, 0x59, 0x5C, 0x24,
    0x38, 0xF3, 0x0F, 0x58, 0xD8, 0x80, 0x7D, 0x00, 0x00, 0x74, 0x36, 0xF3, 0x0F, 0x10, 0x44, 0x24,
    0x34, 0xF3, 0x0F, 0x11, 0x44, 0x24, 0x04, 0x89, 0x2C, 0x24, 0xC7, 0x44, 0x24, 0x08, 0xFF, 0xFF,
    0xFF, 0xFF, 0x89, 0xF9, 0x89, 0xF2, 0x0F, 0x28, 0xC3, 0x0F, 0x10, 0x8C, 0x24, 0x80, 0x00, 0x00,
    0x00, 0xF3, 0x0F, 0x10, 0x54, 0x24, 0x54, 0xE8, 0xF4, 0x07, 0x00, 0x00, 0x0F, 0x28, 0xD8, 0xEB,
    0x49, 0xF3, 0x0F, 0x10, 0x44, 0x24, 0x34, 0xF3, 0x0F, 0x11, 0x44, 0x24, 0x04, 0xC7, 0x44, 0x24,
    0x0C, 0xD2, 0x00, 0x00, 0x00, 0xC7, 0x44, 0x24, 0x08, 0xA3, 0x91, 0x84, 0xFF, 0xC7, 0x04, 0x24,
    0x0D, 0x63, 0x00, 0x10, 0x89, 0xF9, 0x89, 0xF2, 0x0F, 0x28, 0xC3, 0x0F, 0x10, 0x8C, 0x24, 0x80,
    0x00, 0x00, 0x00, 0xF3, 0x0F, 0x10, 0x54, 0x24, 0x54, 0xF3, 0x0F, 0x11, 0x5C, 0x24, 0x70, 0xE8,
    0x9C, 0x09, 0x00, 0x00, 0xF3, 0x0F, 0x10, 0x5C, 0x24, 0x70, 0x89, 0xF5, 0xF3, 0x0F, 0x10, 0x0D,
    0xE0, 0x60, 0x00, 0x10, 0xF3, 0x0F, 0x10, 0x44, 0x24, 0x38, 0xF3, 0x0F, 0x59, 0xC8, 0xF3, 0x0F,
    0x58, 0xCB, 0xF3, 0x0F, 0x10, 0x54, 0x24, 0x54, 0x0F, 0x2E, 0xD1, 0x0F, 0x97, 0xC0, 0x20, 0xC3,
    0x80, 0xFB, 0x01, 0x75, 0x3E, 0xF3, 0x0F, 0x58, 0xC0, 0xF3, 0x0F, 0x58, 0xC3, 0xF3, 0x0F, 0x10,
    0x4C, 0x24, 0x34, 0xF3, 0x0F, 0x11, 0x4C, 0x24, 0x04, 0xC7, 0x44, 0x24, 0x0C, 0xFF, 0x00, 0x00,
    0x00, 0xC7, 0x44, 0x24, 0x08, 0xFF, 0xAA, 0x00, 0xFF, 0xC7, 0x04, 0x24, 0x40, 0x62, 0x00, 0x10,
    0x8B, 0x4C, 0x24, 0x48, 0x89, 0xEA, 0x0F, 0x10, 0x8C, 0x24, 0x80, 0x00, 0x00, 0x00, 0xE8, 0x2D,
    0x09, 0x00, 0x00, 0x83, 0x3D, 0x30, 0x91, 0x06, 0x10, 0x00, 0x8B, 0x45, 0x00, 0x74, 0x6C, 0xF6,
    0x05, 0x34, 0x91, 0x06, 0x10, 0x01, 0x74, 0x63, 0x85, 0xC0, 0x74, 0x5D, 0x8B, 0x48, 0x14, 0x85,
    0xC9, 0x74, 0x58, 0x0F, 0x28, 0x05, 0xA0, 0x61, 0x00, 0x10, 0x0F, 0x11, 0x84, 0x24, 0x24, 0x01,
    0x00, 0x00, 0x0F, 0x28, 0x05, 0xB0, 0x61, 0x00, 0x10, 0x0F, 0x11, 0x84, 0x24, 0x34, 0x01, 0x00,
    0x00, 0xF3, 0x0F, 0x10, 0x05, 0x04, 0x61, 0x00, 0x10, 0x0F, 0x11, 0x84, 0x24, 0x04, 0x01, 0x00,
    0x00, 0xF2, 0x0F, 0x10, 0x05, 0xE0, 0x61, 0x00, 0x10, 0x0F, 0x11, 0x84, 0x24, 0x14, 0x01, 0x00,
    0x00, 0x8D, 0x84, 0x24, 0x04, 0x01, 0x00, 0x00, 0x89, 0x44, 0x24, 0x04, 0x89, 0x2C, 0x24, 0xFF,
    0xD1, 0x83, 0xEC, 0x08, 0x8B, 0x45, 0x00, 0xEB, 0x02, 0x31, 0xC0, 0x85, 0xC0, 0x74, 0x0F, 0x8B,
    0x40, 0x2C, 0x85, 0xC0, 0x74, 0x08, 0x89, 0x2C, 0x24, 0xFF, 0xD0, 0x83, 0xEC, 0x04, 0x81, 0xC4,
    0x8C, 0x01, 0x00, 0x00, 0x5E, 0x5F, 0x5B, 0x5D, 0xC3, 0xC7, 0x04, 0x24, 0x00, 0x00, 0x00, 0x00,
    0x8B, 0x8C, 0x24, 0x80, 0x00, 0x00, 0x00, 0xBA, 0xCB, 0x62, 0x00, 0x10, 0xE8, 0xDF, 0xDE, 0xFF,
    0xFF, 0x85, 0xC0, 0x8B, 0x7C, 0x24, 0x70, 0x0F, 0x84, 0x53, 0xEF, 0xFF, 0xFF, 0x89, 0xC5, 0x8D,
    0xB4, 0x24, 0x04, 0x01, 0x00, 0x00, 0x89, 0x74, 0x24, 0x2C, 0x0F, 0x28, 0x05, 0x20, 0x61, 0x00,
    0x10, 0x0F, 0x11, 0x44, 0x24, 0x18, 0x0F, 0x28, 0x05, 0x30, 0x61, 0x00, 0x10, 0x0F, 0x11, 0x44,
    0x24, 0x08, 0x8B, 0x5C, 0x24, 0x54, 0x89, 0x5C, 0x24, 0x04, 0x89, 0x3C, 0x24, 0xC7, 0x44, 0x24,
    0x28, 0xC2, 0x62, 0x00, 0x10, 0xFF, 0xD0, 0x83, 0xEC, 0x30, 0x85, 0xC0, 0x0F, 0x99, 0xC1, 0x8B,
    0x84, 0x24, 0x04, 0x01, 0x00, 0x00, 0x85, 0xC0, 0x0F, 0x95, 0xC2, 0x84, 0xD1, 0x74, 0x04, 0xB1,
    0x01, 0xEB, 0x47, 0xC7, 0x84, 0x24, 0x04, 0x01, 0x00, 0x00, 0x00, 0x00, 0x00, 0x00, 0x89, 0x74,
    0x24, 0x2C, 0x0F, 0x28, 0x05, 0x20, 0x61, 0x00, 0x10, 0x0F, 0x11, 0x44, 0x24, 0x18, 0x0F, 0x28,
    0x05, 0x30, 0x61, 0x00, 0x10, 0x0F, 0x11, 0x44, 0x24, 0x08, 0x89, 0x5C, 0x24, 0x04, 0x89, 0x3C,
    0x24, 0xC7, 0x44, 0x24, 0x28, 0xBB, 0x62, 0x00, 0x10, 0xFF, 0xD5, 0x83, 0xEC, 0x30, 0x85, 0xC0,
    0x0F, 0x99, 0xC1, 0x8B, 0x84, 0x24, 0x04, 0x01, 0x00, 0x00, 0x85, 0xC0, 0x0F, 0x95, 0xC2, 0x20,
    0xCA, 0x80, 0xFA, 0x01, 0x0F, 0x85, 0xA6, 0xEE, 0xFF, 0xFF, 0xA3, 0x30, 0x91, 0x06, 0x10, 0x89,
    0x3D, 0x38, 0x91, 0x06, 0x10, 0x8B, 0x44, 0x24, 0x34, 0xA3, 0x28, 0x91, 0x06, 0x10, 0x8B, 0x44,
    0x24, 0x54, 0xA3, 0x3C, 0x91, 0x06, 0x10, 0xC6, 0x05, 0x34, 0x91, 0x06, 0x10, 0x01, 0xE9, 0x7D,
    0xEE, 0xFF, 0xFF, 0x66, 0x66, 0x66, 0x66, 0x2E, 0x0F, 0x1F, 0x84, 0x00, 0x00, 0x00, 0x00, 0x00,
    0x0F, 0x57, 0xC0, 0x85, 0xD2, 0x0F, 0x84, 0x27, 0x01, 0x00, 0x00, 0x55, 0x53, 0x57, 0x56, 0x81,
    0xEC, 0xB0, 0x00, 0x00, 0x00, 0x0F, 0xB6, 0x1A, 0x84, 0xDB, 0x0F, 0x84, 0x08, 0x01, 0x00, 0x00,
    0x31, 0xED, 0x0F, 0x57, 0xC0, 0x31, 0xFF, 0x66, 0x0F, 0x1F, 0x84, 0x00, 0x00, 0x00, 0x00, 0x00,
    0x80, 0xFB, 0x7B, 0x75, 0x6B, 0x8D, 0x04, 0x2A, 0x80, 0x78, 0x01, 0x00, 0x74, 0x62, 0x80, 0x78,
    0x02, 0x00, 0x74, 0x5C, 0x80, 0x78, 0x03, 0x00, 0x74, 0x56, 0x80, 0x78, 0x04, 0x00, 0x74, 0x50,
    0x80, 0x78, 0x05, 0x00, 0x74, 0x4A, 0x80, 0x78, 0x06, 0x00, 0x74, 0x44, 0x80, 0x78, 0x07, 0x00,
    0x74, 0x3E, 0x89, 0x4C, 0x24, 0x04, 0x89, 0xC1, 0x89, 0x54, 0x24, 0x08, 0x8D, 0x54, 0x24, 0x0C,
    0xF3, 0x0F, 0x11, 0x04, 0x24, 0xE8, 0xF6, 0x08, 0x00, 0x00, 0xF3, 0x0F, 0x10, 0x04, 0x24, 0x8B,
    0x54, 0x24, 0x08, 0x8B, 0x4C, 0x24, 0x04, 0x85, 0xC0, 0x74, 0x15, 0xBE, 0x08, 0x00, 0x00, 0x00,
    0x85, 0xFF, 0x75, 0x39, 0x31, 0xFF, 0xEB, 0x1D, 0x0F, 0x1F, 0x84, 0x00, 0x00, 0x00, 0x00, 0x00,
    0x8D, 0x47, 0x01, 0xBE, 0x01, 0x00, 0x00, 0x00, 0x3D, 0x9F, 0x00, 0x00, 0x00, 0x77, 0x06, 0x88,
    0x5C, 0x3C, 0x10, 0x89, 0xC7, 0x01, 0xF5, 0x81, 0xFD, 0xFF, 0x01, 0x00, 0x00, 0x77, 0x3F, 0x0F,
    0xB6, 0x1C, 0x2A, 0x84, 0xDB, 0x0F, 0x85, 0x65, 0xFF, 0xFF, 0xFF, 0xEB, 0x31, 0xC6, 0x44, 0x3C,
    0x10, 0x00, 0x8B, 0x4C, 0x24, 0x04, 0x8D, 0x54, 0x24, 0x10, 0xE8, 0x01, 0x0B, 0x00, 0x00, 0x8B,
    0x54, 0x24, 0x08, 0x8B, 0x4C, 0x24, 0x04, 0xF3, 0x0F, 0x10, 0x0C, 0x24, 0xF3, 0x0F, 0x58, 0xC8,
    0xF3, 0x0F, 0x11, 0x0C, 0x24, 0xF3, 0x0F, 0x10, 0x04, 0x24, 0x31, 0xFF, 0xEB, 0xB7, 0x85, 0xFF,
    0x74, 0x26, 0xC6, 0x44, 0x3C, 0x10, 0x00, 0x8D, 0x54, 0x24, 0x10, 0xF3, 0x0F, 0x11, 0x04, 0x24,
    0xE8, 0xCB, 0x0A, 0x00, 0x00, 0xF3, 0x0F, 0x10, 0x0C, 0x24, 0xF3, 0x0F, 0x58, 0xC8, 0xF3, 0x0F,
    0x11, 0x0C, 0x24, 0xF3, 0x0F, 0x10, 0x04, 0x24, 0x81, 0xC4, 0xB0, 0x00, 0x00, 0x00, 0x5E, 0x5F,
    0x5B, 0x5D, 0xC3, 0x66, 0x66, 0x66, 0x66, 0x2E, 0x0F, 0x1F, 0x84, 0x00, 0x00, 0x00, 0x00, 0x00,
    0x53, 0x56, 0x81, 0xEC, 0x88, 0x00, 0x00, 0x00, 0xF3, 0x0F, 0x10, 0x2D, 0x60, 0x61, 0x00, 0x10,
    0x0F, 0x2E, 0xEA, 0x0F, 0x83, 0x36, 0x04, 0x00, 0x00, 0xF3, 0x0F, 0x10, 0x9C, 0x24, 0x94, 0x00,
    0x00, 0x00, 0x0F, 0x2E, 0xEB, 0x0F, 0x83, 0x24, 0x04, 0x00, 0x00, 0x89, 0xCE, 0x89, 0xD3, 0xF3,
    0x0F, 0x10, 0xBC, 0x24, 0x98, 0x00, 0x00, 0x00, 0xF3, 0x0F, 0x10, 0x35, 0xF4, 0x61, 0x00, 0x10,
    0xF3, 0x0F, 0x5D, 0xF7, 0xF3, 0x0F, 0xC2, 0xFD, 0x01, 0x0F, 0x28, 0xE7, 0x0F, 0x55, 0xE6, 0x0F,
    0x54, 0xFD, 0x0F, 0x56, 0xFC, 0xF3, 0x0F, 0x58, 0xD9, 0x0F, 0x28, 0xE3, 0xF3, 0x0F, 0x5C, 0xE7,
    0xF3, 0x0F, 0x58, 0xD0, 0x0F, 0x28, 0xEF, 0xF3, 0x0F, 0x58, 0xE9, 0x0F, 0x11, 0x6C, 0x24, 0x58,
    0x0F, 0x2E, 0xC2, 0xF3, 0x0F, 0x11, 0x5C, 0x24, 0x14, 0xF3, 0x0F, 0x11, 0x64, 0x24, 0x30, 0x0F,
    0x11, 0x54, 0x24, 0x20, 0x0F, 0x11, 0x44, 0x24, 0x48, 0xF3, 0x0F, 0x11, 0x4C, 0x24, 0x18, 0x0F,
    0x11, 0x7C, 0x24, 0x38, 0x73, 0x75, 0x0F, 0x10, 0x6C, 0x24, 0x58, 0x0F, 0x2E, 0xEC, 0x73, 0x6B,
    0xF3, 0x0F, 0x11, 0x44, 0x24, 0x04, 0x0F, 0x10, 0x5C, 0x24, 0x58, 0xF3, 0x0F, 0x11, 0x5C, 0x24,
    0x08, 0xF3, 0x0F, 0x11, 0x54, 0x24, 0x0C, 0xF3, 0x0F, 0x11, 0x64, 0x24, 0x10, 0x89, 0xF0, 0x88,
    0x04, 0x24, 0x88, 0x5C, 0x24, 0x01, 0x0F, 0xB6, 0x84, 0x24, 0x9C, 0x00, 0x00, 0x00, 0x88, 0x44,
    0x24, 0x02, 0x0F, 0xB6, 0x84, 0x24, 0xA0, 0x00, 0x00, 0x00, 0x88, 0x44, 0x24, 0x03, 0x89, 0xE0,
    0x8D, 0x4C, 0x24, 0x04, 0xBA, 0x60, 0x7B, 0x72, 0x00, 0x50, 0x51, 0xFF, 0xD2, 0x0F, 0x10, 0x7C,
    0x24, 0x40, 0xF3, 0x0F, 0x10, 0x4C, 0x24, 0x20, 0x0F, 0x10, 0x44, 0x24, 0x50, 0x0F, 0x10, 0x54,
    0x24, 0x28, 0xF3, 0x0F, 0x10, 0x5C, 0x24, 0x1C, 0x83, 0xC4, 0x08, 0xF3, 0x0F, 0x10, 0x35, 0x60,
    0x61, 0x00, 0x10, 0xF3, 0x0F, 0x58, 0xF1, 0x0F, 0x28, 0xE2, 0xF3, 0x0F, 0x5C, 0xE7, 0x0F, 0x28,
    0xEF, 0xF3, 0x0F, 0x58, 0xE8, 0xF3, 0x0F, 0x11, 0x74, 0x24, 0x1C, 0x0F, 0x2E, 0xCE, 0x0F, 0x11,
    0x64, 0x24, 0x78, 0xF3, 0x0F, 0x11, 0x6C, 0x24, 0x34, 0x73, 0x71, 0x0F, 0x2E, 0xEC, 0x73, 0x6C,
    0xF3, 0x0F, 0x11, 0x6C, 0x24, 0x04, 0xF3, 0x0F, 0x11, 0x4C, 0x24, 0x08, 0xF3, 0x0F, 0x11, 0x64,
    0x24, 0x0C, 0xF3, 0x0F, 0x10, 0x5C, 0x24, 0x1C, 0xF3, 0x0F, 0x11, 0x5C, 0x24, 0x10, 0x89, 0xF0,
    0x88, 0x04, 0x24, 0x88, 0x5C, 0x24, 0x01, 0x0F, 0xB6, 0x84, 0x24, 0x9C, 0x00, 0x00, 0x00, 0x88,
    0x44, 0x24, 0x02, 0x0F, 0xB6, 0x84, 0x24, 0xA0, 0x00, 0x00, 0x00, 0x88, 0x44, 0x24, 0x03, 0x89,
    0xE0, 0x8D, 0x4C, 0x24, 0x04, 0xBA, 0x60, 0x7B, 0x72, 0x00, 0x50, 0x51, 0xFF, 0xD2, 0x0F, 0x10,
    0x7C, 0x24, 0x40, 0xF3, 0x0F, 0x10, 0x4C, 0x24, 0x20, 0x0F, 0x10, 0x44, 0x24, 0x50, 0x0F, 0x10,
    0x54, 0x24, 0x28, 0xF3, 0x0F, 0x10, 0x5C, 0x24, 0x1C, 0x83, 0xC4, 0x08, 0xF3, 0x0F, 0x58, 0x0D,
    0xBC, 0x60, 0x00, 0x10, 0x0F, 0x28, 0x35, 0x00, 0x62, 0x00, 0x10, 0x0F, 0x57, 0xF7, 0x0F, 0x14,
    0xF7, 0x0F, 0x28, 0xE2, 0x0F, 0x14, 0xE0, 0x0F, 0x59, 0x35, 0x10, 0x62, 0x00, 0x10, 0x0F, 0x58,
    0xF4, 0x0F, 0x28, 0xE6, 0x0F, 0xC6, 0xE6, 0x55, 0xF3, 0x0F, 0x10, 0x7C, 0x24, 0x1C, 0x0F, 0x2E,
    0xF9, 0x0F, 0x11, 0x74, 0x24, 0x38, 0x0F, 0x11, 0x64, 0x24, 0x68, 0x73, 0x7C, 0x0F, 0x2E, 0xE6,
    0x73, 0x77, 0xF3, 0x0F, 0x11, 0x64, 0x24, 0x04, 0xF3, 0x0F, 0x10, 0x5C, 0x24, 0x1C, 0xF3, 0x0F,
    0x11, 0x5C, 0x24, 0x08, 0xF3, 0x0F, 0x11, 0x74, 0x24, 0x0C, 0xF3, 0x0F, 0x11, 0x4C, 0x24, 0x10,
    0x89, 0xF0, 0x88, 0x04, 0x24, 0x88, 0x5C, 0x24, 0x01, 0x0F, 0xB6, 0x84, 0x24, 0x9C, 0x00, 0x00,
    0x00, 0x88, 0x44, 0x24, 0x02, 0x0F, 0xB6, 0x84, 0x24, 0xA0, 0x00, 0x00, 0x00, 0x88, 0x44, 0x24,
    0x03, 0x89, 0xE0, 0x8D, 0x4C, 0x24, 0x04, 0xBA, 0x60, 0x7B, 0x72, 0x00, 0x50, 0x51, 0xF3, 0x0F,
    0x11, 0x4C, 0x24, 0x20, 0xFF, 0xD2, 0x0F, 0x10, 0x64, 0x24, 0x70, 0x0F, 0x10, 0x74, 0x24, 0x40,
    0xF3, 0x0F, 0x10, 0x4C, 0x24, 0x20, 0x0F, 0x10, 0x44, 0x24, 0x50, 0x0F, 0x10, 0x54, 0x24, 0x28,
    0xF3, 0x0F, 0x10, 0x5C, 0x24, 0x1C, 0x83, 0xC4, 0x08, 0xF3, 0x0F, 0x58, 0x15, 0x20, 0x62, 0x00,
    0x10, 0xF3, 0x0F, 0x58, 0x05, 0x60, 0x61, 0x00, 0x10, 0x0F, 0x2E, 0xC2, 0x73, 0x7B, 0x0F, 0x2E,
    0x4C, 0x24, 0x58, 0x73, 0x74, 0xF3, 0x0F, 0x11, 0x44, 0x24, 0x04, 0xF3, 0x0F, 0x11, 0x4C, 0x24,
    0x08, 0xF3, 0x0F, 0x11, 0x54, 0x24, 0x0C, 0x0F, 0x10, 0x4C, 0x24, 0x58, 0xF3, 0x0F, 0x11, 0x4C,
    0x24, 0x10, 0x89, 0xF0, 0x88, 0x04, 0x24, 0x88, 0x5C, 0x24, 0x01, 0x0F, 0xB6, 0x84, 0x24, 0x9C,
    0x00, 0x00, 0x00, 0x88, 0x44, 0x24, 0x02, 0x0F, 0xB6, 0x84, 0x24, 0xA0, 0x00, 0x00, 0x00, 0x88,
    0x44, 0x24, 0x03, 0x89, 0xE0, 0x8D, 0x4C, 0x24, 0x04, 0xBA, 0x60, 0x7B, 0x72, 0x00, 0x50, 0x51,
    0x0F, 0x11, 0x54, 0x24, 0x28, 0x0F, 0x11, 0x44, 0x24, 0x50, 0xFF, 0xD2, 0x0F, 0x10, 0x64, 0x24,
    0x70, 0x0F, 0x10, 0x74, 0x24, 0x40, 0x0F, 0x10, 0x44, 0x24, 0x50, 0x0F, 0x10, 0x54, 0x24, 0x28,
    0xF3, 0x0F, 0x10, 0x5C, 0x24, 0x1C, 0x83, 0xC4, 0x08, 0x0F, 0x2E, 0xC2, 0xF3, 0x0F, 0x10, 0x2D,
    0x24, 0x62, 0x00, 0x10, 0xF3, 0x0F, 0x58, 0xEB, 0xF3, 0x0F, 0x10, 0x4C, 0x24, 0x30, 0x73, 0x6C,
    0x0F, 0x2E, 0xCD, 0x73, 0x67, 0xF3, 0x0F, 0x11, 0x44, 0x24, 0x04, 0xF3, 0x0F, 0x11, 0x4C, 0x24,
    0x08, 0xF3, 0x0F, 0x11, 0x54, 0x24, 0x0C, 0xF3, 0x0F, 0x11, 0x6C, 0x24, 0x10, 0x89, 0xF0, 0x88,
    0x04, 0x24, 0x88, 0x5C, 0x24, 0x01, 0x0F, 0xB6, 0x84, 0x24, 0x9C, 0x00, 0x00, 0x00, 0x88, 0x44,
    0x24, 0x02, 0x0F, 0xB6, 0x84, 0x24, 0xA0, 0x00, 0x00, 0x00, 0x88, 0x44, 0x24, 0x03, 0x89, 0xE0,
    0x8D, 0x4C, 0x24, 0x04, 0xBA, 0x60, 0x7B, 0x72, 0x00, 0x50, 0x51, 0xF3, 0x0F, 0x11, 0x6C, 0x24,
    0x28, 0xFF, 0xD2, 0xF3, 0x0F, 0x10, 0x6C, 0x24, 0x28, 0x0F, 0x10, 0x64, 0x24, 0x70, 0x0F, 0x10,
    0x74, 0x24, 0x40, 0xF3, 0x0F, 0x10, 0x5C, 0x24, 0x1C, 0x83, 0xC4, 0x08, 0xF3, 0x0F, 0x10, 0x15,
    0x20, 0x62, 0x00, 0x10, 0xF3, 0x0F, 0x58, 0xD3, 0x0F, 0x2E, 0xEA, 0x73, 0x62, 0x0F, 0x2E, 0xE6,
    0x73, 0x5D, 0xF3, 0x0F, 0x11, 0x64, 0x24, 0x04, 0xF3, 0x0F, 0x11, 0x6C, 0x24, 0x08, 0xF3, 0x0F,
    0x11, 0x74, 0x24, 0x0C, 0xF3, 0x0F, 0x11, 0x54, 0x24, 0x10, 0x89, 0xF0, 0x88, 0x04, 0x24, 0x88,
    0x5C, 0x24, 0x01, 0x0F, 0xB6, 0x84, 0x24, 0x9C, 0x00, 0x00, 0x00, 0x88, 0x44, 0x24, 0x02, 0x0F,
    0xB6, 0x84, 0x24, 0xA0, 0x00, 0x00, 0x00, 0x88, 0x44, 0x24, 0x03, 0x89, 0xE0, 0x8D, 0x4C, 0x24,
    0x04, 0xBA, 0x60, 0x7B, 0x72, 0x00, 0x50, 0x51, 0xF3, 0x0F, 0x11, 0x54, 0x24, 0x28, 0xFF, 0xD2,
    0xF3, 0x0F, 0x10, 0x54, 0x24, 0x28, 0xF3, 0x0F, 0x10, 0x5C, 0x24, 0x1C, 0x83, 0xC4, 0x08, 0x0F,
    0x2E, 0xD3, 0x0F, 0x10, 0x44, 0x24, 0x78, 0xF3, 0x0F, 0x10, 0x4C, 0x24, 0x34, 0x73, 0x50, 0x0F,
    0x2E, 0xC8, 0x73, 0x4B, 0xF3, 0x0F, 0x11, 0x4C, 0x24, 0x04, 0xF3, 0x0F, 0x11, 0x54, 0x24, 0x08,
    0xF3, 0x0F, 0x11, 0x44, 0x24, 0x0C, 0xF3, 0x0F, 0x11, 0x5C, 0x24, 0x10, 0x89, 0xF0, 0x88, 0x04,
    0x24, 0x88, 0x5C, 0x24, 0x01, 0x0F, 0xB6, 0x84, 0x24, 0x9C, 0x00, 0x00, 0x00, 0x88, 0x44, 0x24,
    0x02, 0x0F, 0xB6, 0x84, 0x24, 0xA0, 0x00, 0x00, 0x00, 0x88, 0x44, 0x24, 0x03, 0x89, 0xE0, 0x8D,
    0x4C, 0x24, 0x04, 0xBA, 0x60, 0x7B, 0x72, 0x00, 0x50, 0x51, 0xFF, 0xD2, 0x83, 0xC4, 0x08, 0x81,
    0xC4, 0x88, 0x00, 0x00, 0x00, 0x5E, 0x5B, 0xC3, 0x0F, 0x1F, 0x84, 0x00, 0x00, 0x00, 0x00, 0x00,
    0x55, 0x53, 0x57, 0x56, 0x81, 0xEC, 0xD0, 0x00, 0x00, 0x00, 0x89, 0x54, 0x24, 0x24, 0x8B, 0xAC,
    0x24, 0xE4, 0x00, 0x00, 0x00, 0x85, 0xED, 0x0F, 0x84, 0xB9, 0x01, 0x00, 0x00, 0x0F, 0xB6, 0x5D,
    0x00, 0x84, 0xDB, 0x0F, 0x84, 0xAD, 0x01, 0x00, 0x00, 0x8B, 0x84, 0x24, 0xEC, 0x00, 0x00, 0x00,
    0xF3, 0x0F, 0x10, 0x9C, 0x24, 0xE8, 0x00, 0x00, 0x00, 0x89, 0xC6, 0x81, 0xCE, 0x00, 0x00, 0x00,
    0xFF, 0x3D, 0x00, 0x00, 0x00, 0x01, 0x0F, 0x43, 0xF0, 0x89, 0x74, 0x24, 0x20, 0x31, 0xF6, 0xC7,
    0x44, 0x24, 0x10, 0x00, 0x00, 0x00, 0x00, 0x66, 0x0F, 0x1F, 0x84, 0x00, 0x00, 0x00, 0x00, 0x00,
    0x80, 0xFB, 0x7B, 0x0F, 0x85, 0x07, 0x01, 0x00, 0x00, 0x8D, 0x04, 0x2E, 0x80, 0x78, 0x01, 0x00,
    0x0F, 0x84, 0xFA, 0x00, 0x00, 0x00, 0x80, 0x78, 0x02, 0x00, 0x0F, 0x84, 0xF0, 0x00, 0x00, 0x00,
    0x80, 0x78, 0x03, 0x00, 0x0F, 0x84, 0xE6, 0x00, 0x00, 0x00, 0x80, 0x78, 0x04, 0x00, 0x0F, 0x84,
    0xDC, 0x00, 0x00, 0x00, 0x80, 0x78, 0x05, 0x00, 0x0F, 0x84, 0xD2, 0x00, 0x00, 0x00, 0x80, 0x78,
    0x06, 0x00, 0x0F, 0x84, 0xC8, 0x00, 0x00, 0x00, 0x80, 0x78, 0x07, 0x00, 0x0F, 0x84, 0xBE, 0x00,
    0x00, 0x00, 0x89, 0x4C, 0x24, 0x1C, 0x89, 0xC1, 0x8D, 0x54, 0x24, 0x2C, 0xF3, 0x0F, 0x11, 0x44,
    0x24, 0x28, 0xF3, 0x0F, 0x11, 0x54, 0x24, 0x18, 0xF3, 0x0F, 0x11, 0x4C, 0x24, 0x14, 0xE8, 0xFD,
    0x02, 0x00, 0x00, 0xF3, 0x0F, 0x10, 0x9C, 0x24, 0xE8, 0x00, 0x00, 0x00, 0xF3, 0x0F, 0x10, 0x4C,
    0x24, 0x14, 0xF3, 0x0F, 0x10, 0x54, 0x24, 0x18, 0xF3, 0x0F, 0x10, 0x44, 0x24, 0x28, 0x8B, 0x4C,
    0x24, 0x1C, 0x85, 0xC0, 0x74, 0x7A, 0x8B, 0x44, 0x24, 0x10, 0x85, 0xC0, 0x74, 0x54, 0xC6, 0x44,
    0x04, 0x30, 0x00, 0x8B, 0x44, 0x24, 0x20, 0x89, 0x44, 0x24, 0x08, 0xF3, 0x0F, 0x11, 0x5C, 0x24,
    0x04, 0x8D, 0x44, 0x24, 0x30, 0x89, 0x04, 0x24, 0xC7, 0x44, 0x24, 0x0C, 0xFF, 0x00, 0x00, 0x00,
    0x8B, 0x4C, 0x24, 0x1C, 0x8B, 0x54, 0x24, 0x24, 0xF3, 0x0F, 0x10, 0x4C, 0x24, 0x14, 0xF3, 0x0F,
    0x10, 0x54, 0x24, 0x18, 0xE8, 0xB7, 0x00, 0x00, 0x00, 0xF3, 0x0F, 0x10, 0x9C, 0x24, 0xE8, 0x00,
    0x00, 0x00, 0xF3, 0x0F, 0x10, 0x4C, 0x24, 0x14, 0xF3, 0x0F, 0x10, 0x54, 0x24, 0x18, 0x8B, 0x4C,
    0x24, 0x1C, 0xC7, 0x44, 0x24, 0x10, 0x00, 0x00, 0x00, 0x00, 0xBA, 0x08, 0x00, 0x00, 0x00, 0x8B,
    0x5C, 0x24, 0x2C, 0x89, 0x5C, 0x24, 0x20, 0xEB, 0x23, 0x0F, 0x1F, 0x80, 0x00, 0x00, 0x00, 0x00,
    0x8B, 0x44, 0x24, 0x10, 0x8D, 0x78, 0x01, 0xBA, 0x01, 0x00, 0x00, 0x00, 0x81, 0xFF, 0x9F, 0x00,
    0x00, 0x00, 0x77, 0x08, 0x88, 0x5C, 0x04, 0x30, 0x89, 0x7C, 0x24, 0x10, 0x01, 0xD6, 0x81, 0xFE,
    0xFF, 0x01, 0x00, 0x00, 0x77, 0x0D, 0x0F, 0xB6, 0x5C, 0x35, 0x00, 0x84, 0xDB, 0x0F, 0x85, 0xBD,
    0xFE, 0xFF, 0xFF, 0x8B, 0x44, 0x24, 0x10, 0x85, 0xC0, 0x74, 0x2B, 0xC6, 0x44, 0x04, 0x30, 0x00,
    0x8B, 0x44, 0x24, 0x20, 0x89, 0x44, 0x24, 0x08, 0xF3, 0x0F, 0x11, 0x5C, 0x24, 0x04, 0x8D, 0x44,
    0x24, 0x30, 0x89, 0x04, 0x24, 0xC7, 0x44, 0x24, 0x0C, 0xFF, 0x00, 0x00, 0x00, 0x8B, 0x54, 0x24,
    0x24, 0xE8, 0x1A, 0x00, 0x00, 0x00, 0x81, 0xC4, 0xD0, 0x00, 0x00, 0x00, 0x5E, 0x5F, 0x5B, 0x5D,
    0xC3, 0x66, 0x66, 0x66, 0x66, 0x66, 0x66, 0x2E, 0x0F, 0x1F, 0x84, 0x00, 0x00, 0x00, 0x00, 0x00,
    0x55, 0x53, 0x57, 0x56, 0x83, 0xEC, 0x3C, 0x8B, 0x74, 0x24, 0x50, 0x85, 0xF6, 0x0F, 0x84, 0xBB,
    0x01, 0x00, 0x00, 0x80, 0x3E, 0x00, 0x0F, 0x84, 0xB2, 0x01, 0x00, 0x00, 0x0F, 0x28, 0xD8, 0x0F,
    0xB6, 0x5C, 0x24, 0x5C, 0x8B, 0x7C, 0x24, 0x58, 0xF3, 0x0F, 0x10, 0x44, 0x24, 0x54, 0xA1, 0x30,
    0x91, 0x06, 0x10, 0x85, 0xC0, 0x0F, 0x84, 0xA0, 0x00, 0x00, 0x00, 0x80, 0x3D, 0x34, 0x91, 0x06,
    0x10, 0x00, 0x0F, 0x11, 0x5C, 0x24, 0x1C, 0x0F, 0x14, 0xD0, 0x0F, 0x28, 0xC3, 0x0F, 0x14, 0xC1,
    0x0F, 0x16, 0xC2, 0x0F, 0x84, 0x2A, 0x01, 0x00, 0x00, 0x0F, 0x58, 0xC0, 0xF3, 0x0F, 0x5B, 0xC0,
    0x0F, 0x11, 0x44, 0x24, 0x0C, 0x0F, 0x10, 0x44, 0x24, 0x0C, 0x0F, 0x11, 0x44, 0x24, 0x2C, 0xF3,
    0x0F, 0x6F, 0x44, 0x24, 0x2C, 0x66, 0x0F, 0x76, 0xC9, 0x66, 0x0F, 0xFA, 0xC1, 0xF3, 0x0F, 0x7F,
    0x44, 0x24, 0x2C, 0x0F, 0xB6, 0xDB, 0x8B, 0x28, 0x85, 0xED, 0x74, 0x44, 0x8B, 0x6D, 0x38, 0x85,
    0xED, 0x74, 0x3D, 0x89, 0x2C, 0x24, 0x69, 0xEB, 0x00, 0x80, 0x55, 0x00, 0x81, 0xE5, 0x00, 0x00,
    0x00, 0x7F, 0x55, 0x6A, 0x20, 0x8D, 0x6C, 0x24, 0x34, 0x55, 0x6A, 0xFF, 0x56, 0x52, 0x50, 0x89,
    0x4C, 0x24, 0x24, 0x89, 0x54, 0x24, 0x20, 0xFF, 0x54, 0x24, 0x1C, 0x8B, 0x54, 0x24, 0x04, 0x8B,
    0x4C, 0x24, 0x08, 0xA1, 0x30, 0x91, 0x06, 0x10, 0x85, 0xC0, 0x0F, 0x84, 0xEB, 0x00, 0x00, 0x00,
    0x81, 0xE7, 0xFF, 0xFF, 0xFF, 0x00, 0xE9, 0xBB, 0x00, 0x00, 0x00, 0xA1, 0x18, 0x70, 0x00, 0x10,
    0x85, 0xC0, 0x0F, 0x84, 0xEE, 0x00, 0x00, 0x00, 0x0F, 0x11, 0x5C, 0x24, 0x1C, 0xF3, 0x0F, 0x2C,
    0xEB, 0x89, 0x6C, 0x24, 0x08, 0xF3, 0x0F, 0x2C, 0xE9, 0x89, 0x6C, 0x24, 0x04, 0xF3, 0x0F, 0x2C,
    0xEA, 0x89, 0x2C, 0x24, 0xF3, 0x0F, 0x2C, 0xE8, 0x05, 0x80, 0x6C, 0x06, 0x00, 0x81, 0xE7, 0xFF,
    0xFF, 0xFF, 0x00, 0x0F, 0xB6, 0xDB, 0xC1, 0xE3, 0x18, 0x09, 0xFB, 0x89, 0xCF, 0x6A, 0x00, 0x53,
    0x55, 0xFF, 0x74, 0x24, 0x0C, 0xFF, 0x74, 0x24, 0x14, 0xFF, 0x74, 0x24, 0x1C, 0x56, 0x52, 0xFF,
    0xD0, 0xA1, 0x18, 0x70, 0x00, 0x10, 0x0F, 0x57, 0xC9, 0x85, 0xC0, 0x74, 0x3B, 0x80, 0x3E, 0x00,
    0x74, 0x36, 0xC7, 0x44, 0x24, 0x0C, 0x00, 0x00, 0x00, 0x00, 0xC7, 0x44, 0x24, 0x10, 0x00, 0x00,
    0x00, 0x00, 0x05, 0x20, 0x6B, 0x06, 0x00, 0x8D, 0x54, 0x24, 0x0C, 0x89, 0xF9, 0x6A, 0x00, 0x56,
    0x52, 0xFF, 0xD0, 0x0F, 0x57, 0xC9, 0x8B, 0x44, 0x24, 0x0C, 0x3D, 0xA0, 0x0F, 0x00, 0x00, 0x77,
    0x07, 0x0F, 0x57, 0xC9, 0xF3, 0x0F, 0x2A, 0xC8, 0x0F, 0x10, 0x44, 0x24, 0x1C, 0xF3, 0x0F, 0x58,
    0xC1, 0xEB, 0x4B, 0xF3, 0x0F, 0x5B, 0xC0, 0xF3, 0x0F, 0x7F, 0x44, 0x24, 0x0C, 0x81, 0xE7, 0xFF,
    0xFF, 0xFF, 0x00, 0x0F, 0xB6, 0xDB, 0xC1, 0xE3, 0x18, 0x09, 0xFB, 0x8B, 0x38, 0x85, 0xFF, 0x74,
    0x1A, 0x8B, 0x7F, 0x38, 0x85, 0xFF, 0x74, 0x13, 0x8D, 0x6C, 0x24, 0x0C, 0x53, 0x6A, 0x20, 0x55,
    0x6A, 0xFF, 0x56, 0x52, 0x50, 0x89, 0xCB, 0xFF, 0xD7, 0x89, 0xD9, 0x89, 0xF2, 0xE8, 0x8E, 0x02,
    0x00, 0x00, 0x0F, 0x10, 0x4C, 0x24, 0x1C, 0xF3, 0x0F, 0x58, 0xC8, 0x0F, 0x28, 0xC1, 0x83, 0xC4,
    0x3C, 0x5E, 0x5F, 0x5B, 0x5D, 0xC3, 0x0F, 0x28, 0xC3, 0xEB, 0xF3, 0x0F, 0x1F, 0x44, 0x00, 0x00,
    0x55, 0x53, 0x57, 0x56, 0x83, 0xEC, 0x18, 0x85, 0xC9, 0x0F, 0x94, 0xC3, 0x85, 0xD2, 0x0F, 0x94,
    0xC7, 0x31, 0xC0, 0x08, 0xDF, 0x0F, 0x85, 0x42, 0x02, 0x00, 0x00, 0x80, 0x39, 0x7B, 0x0F, 0x85,
    0x39, 0x02, 0x00, 0x00, 0x80, 0x79, 0x07, 0x7D, 0x0F, 0x85, 0x2F, 0x02, 0x00, 0x00, 0x89, 0xD7,
    0x0F, 0xB6, 0x51, 0x01, 0x89, 0xD3, 0x80, 0xC3, 0xD0, 0x89, 0x5C, 0x24, 0x14, 0x80, 0xFB, 0x0A,
    0x72, 0x11, 0x88, 0xD7, 0x80, 0xE7, 0xDF, 0x80, 0xC7, 0xB9, 0x80, 0xFF, 0xFA, 0x0F, 0x82, 0x0A,
    0x02, 0x00, 0x00, 0x80, 0x7C, 0x24, 0x14, 0x0A, 0x72, 0x2C, 0x88, 0xD7, 0x80, 0xC7, 0x9F, 0x80,
    0xFF, 0x05, 0x77, 0x0B, 0x80, 0xC2, 0xA9, 0x89, 0xD3, 0x89, 0x5C, 0x24, 0x14, 0xEB, 0x17, 0x88,
    0xD7, 0x80, 0xC7, 0xBF, 0x80, 0xC2, 0xC9, 0x31, 0xF6, 0x80, 0xFF, 0x06, 0x0F, 0xB6, 0xD2, 0x0F,
    0x43, 0xD6, 0x89, 0x54, 0x24, 0x14, 0x0F, 0xB6, 0x59, 0x02, 0x89, 0xDA, 0x80, 0xC2, 0xD0, 0x89,
    0x54, 0x24, 0x10, 0x80, 0xFA, 0x0A, 0x72, 0x11, 0x88, 0xDF, 0x80, 0xE7, 0xDF, 0x80, 0xC7, 0xB9,
    0x80, 0xFF, 0xFA, 0x0F, 0x82, 0xB4, 0x01, 0x00, 0x00, 0x80, 0x7C, 0x24, 0x10, 0x0A, 0x72, 0x28,
    0x88, 0xDF, 0x80, 0xC7, 0x9F, 0x80, 0xFF, 0x06, 0x73, 0x07, 0x80, 0xC3, 0xA9, 0x89, 0xDA, 0xEB,
    0x13, 0x88, 0xDF, 0x80, 0xC7, 0xBF, 0x80, 0xC3, 0xC9, 0x31, 0xF6, 0x80, 0xFF, 0x06, 0x0F, 0xB6,
    0xD3, 0x0F, 0x43, 0xD6, 0x89, 0x54, 0x24, 0x10, 0x0F, 0xB6, 0x59, 0x03, 0x89, 0xDA, 0x80, 0xC2,
    0xD0, 0x89, 0x54, 0x24, 0x0C, 0x80, 0xFA, 0x0A, 0x72, 0x11, 0x88, 0xDF, 0x80, 0xE7, 0xDF, 0x80,
    0xC7, 0xB9, 0x80, 0xFF, 0xFA, 0x0F, 0x82, 0x62, 0x01, 0x00, 0x00, 0x80, 0x7C, 0x24, 0x0C, 0x0A,
    0x72, 0x2A, 0x88, 0xDF, 0x80, 0xC7, 0x9F, 0x80, 0xFF, 0x06, 0x73, 0x09, 0x80, 0xC3, 0xA9, 0x89,
    0x5C, 0x24, 0x0C, 0xEB, 0x17, 0x88, 0xDF, 0x80, 0xC7, 0xBF, 0x80, 0xC3, 0xC9, 0x31, 0xF6, 0x80,
    0xFF, 0x06, 0x0F, 0xB6, 0xD3, 0x0F, 0x43, 0xD6, 0x89, 0x54, 0x24, 0x0C, 0x0F, 0xB6, 0x59, 0x04,
    0x89, 0xDA, 0x80, 0xC2, 0xD0, 0x89, 0x54, 0x24, 0x08, 0x80, 0xFA, 0x0A, 0x72, 0x11, 0x88, 0xDF,
    0x80, 0xE7, 0xDF, 0x80, 0xC7, 0xB9, 0x80, 0xFF, 0xFA, 0x0F, 0x82, 0x0E, 0x01, 0x00, 0x00, 0x80,
    0x7C, 0x24, 0x08, 0x0A, 0x72, 0x28, 0x88, 0xDF, 0x80, 0xC7, 0x9F, 0x80, 0xFF, 0x06, 0x73, 0x07,
    0x80, 0xC3, 0xA9, 0x89, 0xDA, 0xEB, 0x13, 0x88, 0xDF, 0x80, 0xC7, 0xBF, 0x80, 0xC3, 0xC9, 0x31,
    0xF6, 0x80, 0xFF, 0x06, 0x0F, 0xB6, 0xD3, 0x0F, 0x43, 0xD6, 0x89, 0x54, 0x24, 0x08, 0x0F, 0xB6,
    0x51, 0x05, 0x89, 0xD3, 0x80, 0xC3, 0xD0, 0x89, 0x5C, 0x24, 0x04, 0x80, 0xFB, 0x0A, 0x72, 0x11,
    0x88, 0xD7, 0x80, 0xE7, 0xDF, 0x80, 0xC7, 0xB9, 0x80, 0xFF, 0xFA, 0x0F, 0x82, 0xBC, 0x00, 0x00,
    0x00, 0x80, 0x7C, 0x24, 0x04, 0x0A, 0x72, 0x28, 0x88, 0xD7, 0x80, 0xC7, 0x9F, 0x80, 0xFF, 0x06,
    0x73, 0x07, 0x80, 0xC2, 0xA9, 0x89, 0xD3, 0xEB, 0x13, 0x88, 0xD7, 0x80, 0xC7, 0xBF, 0x80, 0xC2,
    0xC9, 0x31, 0xF6, 0x80, 0xFF, 0x06, 0x0F, 0xB6, 0xDA, 0x0F, 0x43, 0xDE, 0x89, 0x5C, 0x24, 0x04,
    0x8A, 0x79, 0x06, 0x88, 0xF9, 0x80, 0xC1, 0xD0, 0x80, 0xF9, 0x0A, 0x72, 0x0D, 0x88, 0xFB, 0x80,
    0xE3, 0xDF, 0x80, 0xC3, 0xB9, 0x80, 0xFB, 0xFA, 0x72, 0x73, 0x88, 0x7C, 0x24, 0x03, 0x0F, 0xB6,
    0x54, 0x24, 0x14, 0x0F, 0xB6, 0x74, 0x24, 0x10, 0x0F, 0xB6, 0x5C, 0x24, 0x0C, 0x0F, 0xB6, 0x6C,
    0x24, 0x08, 0x0F, 0xB6, 0x44, 0x24, 0x04, 0xC1, 0xE2, 0x08, 0xC1, 0xE6, 0x04, 0x01, 0xD6, 0x01,
    0xF3, 0xC1, 0xE3, 0x08, 0xC1, 0xE5, 0x04, 0x01, 0xDD, 0x01, 0xE8, 0xC1, 0xE0, 0x04, 0x80, 0xF9,
    0x0A, 0x72, 0x29, 0x0F, 0xB6, 0x54, 0x24, 0x03, 0x89, 0xD1, 0x80, 0xC1, 0x9F, 0x80, 0xF9, 0x06,
    0x73, 0x07, 0x80, 0xC2, 0xA9, 0x89, 0xD1, 0xEB, 0x13, 0x89, 0xD1, 0x80, 0xC1, 0xBF, 0x80, 0xC2,
    0xC9, 0x31, 0xF6, 0x80, 0xF9, 0x06, 0x0F, 0xB6, 0xCA, 0x0F, 0x43, 0xCE, 0x0F, 0xB6, 0xC9, 0x01,
    0xC8, 0x0D, 0x00, 0x00, 0x00, 0xFF, 0x89, 0x07, 0xB8, 0x01, 0x00, 0x00, 0x00, 0x83, 0xC4, 0x18,
    0x5E, 0x5F, 0x5B, 0x5D, 0xC3, 0x66, 0x66, 0x2E, 0x0F, 0x1F, 0x84, 0x00, 0x00, 0x00, 0x00, 0x00,
    0x0F, 0x57, 0xC0, 0x85, 0xD2, 0x0F, 0x84, 0x1C, 0x01, 0x00, 0x00, 0x80, 0x3A, 0x00, 0x0F, 0x84,
    0x13, 0x01, 0x00, 0x00, 0x53, 0x57, 0x56, 0x83, 0xEC, 0x18, 0xA1, 0x30, 0x91, 0x06, 0x10, 0x85,
    0xC0, 0x0F, 0x84, 0xA4, 0x00, 0x00, 0x00, 0x0F, 0x28, 0x05, 0x30, 0x62, 0x00, 0x10, 0x0F, 0x11,
    0x04, 0x24, 0x8B, 0x38, 0xBE, 0x00, 0x10, 0x00, 0x00, 0x31, 0xDB, 0x85, 0xFF, 0x74, 0x2C, 0x8B,
    0x7F, 0x38, 0x85, 0xFF, 0x74, 0x25, 0x89, 0xE6, 0x6A, 0xFF, 0x68, 0x20, 0x04, 0x00, 0x00, 0x56,
    0x6A, 0xFF, 0x52, 0x6A, 0x00, 0x50, 0x89, 0xD6, 0x89, 0xCB, 0xFF, 0xD7, 0x89, 0xD9, 0x89, 0xF2,
    0x85, 0xC0, 0x78, 0x1F, 0x8B, 0x1C, 0x24, 0x8B, 0x74, 0x24, 0x08, 0x89, 0xF0, 0x29, 0xD8, 0x0F,
    0x9D, 0xC3, 0x81, 0xFE, 0x41, 0x1F, 0x00, 0x00, 0x0F, 0x9C, 0xC7, 0x84, 0xDF, 0x0F, 0x85, 0x86,
    0x00, 0x00, 0x00, 0xA1, 0x18, 0x70, 0x00, 0x10, 0x0F, 0x57, 0xC0, 0x85, 0xC0, 0x0F, 0x84, 0x8E,
    0x00, 0x00, 0x00, 0x80, 0x3A, 0x00, 0x0F, 0x84, 0x85, 0x00, 0x00, 0x00, 0xC7, 0x44, 0x24, 0x10,
    0x00, 0x00, 0x00, 0x00, 0xC7, 0x44, 0x24, 0x14, 0x00, 0x00, 0x00, 0x00, 0x05, 0x20, 0x6B, 0x06,
    0x00, 0x8D, 0x74, 0x24, 0x10, 0x6A, 0x00, 0x52, 0x56, 0xFF, 0xD0, 0x0F, 0x57, 0xC0, 0x8B, 0x44,
    0x24, 0x10, 0x3D, 0xA0, 0x0F, 0x00, 0x00, 0x76, 0x37, 0xEB, 0x56, 0xA1, 0x18, 0x70, 0x00, 0x10,
    0x0F, 0x57, 0xC0, 0x85, 0xC0, 0x74, 0x4A, 0xC7, 0x04, 0x24, 0x00, 0x00, 0x00, 0x00, 0xC7, 0x44,
    0x24, 0x04, 0x00, 0x00, 0x00, 0x00, 0x05, 0x20, 0x6B, 0x06, 0x00, 0x89, 0xE6, 0x6A, 0x00, 0x52,
    0x56, 0xFF, 0xD0, 0x0F, 0x57, 0xC0, 0x8B, 0x04, 0x24, 0x3D, 0xA0, 0x0F, 0x00, 0x00, 0x77, 0x21,
    0x0F, 0x57, 0xC0, 0xF3, 0x0F, 0x2A, 0xC0, 0xEB, 0x18, 0x0F, 0x57, 0xC0, 0xF3, 0x0F, 0x2A, 0xC0,
    0x80, 0x3D, 0x34, 0x91, 0x06, 0x10, 0x01, 0x75, 0x08, 0xF3, 0x0F, 0x59, 0x05, 0x00, 0x61, 0x00,
    0x10, 0x83, 0xC4, 0x18, 0x5E, 0x5F, 0x5B, 0xC3, 0xCC, 0xCC, 0xCC, 0xCC, 0xCC, 0xCC, 0xCC, 0xCC,
    0xCC, 0xCC, 0xCC, 0xCC, 0xCC, 0xCC, 0xCC, 0xCC, 0xCC, 0xCC, 0xCC, 0xCC, 0xCC, 0xCC, 0xCC, 0xCC,
    0xCC, 0xCC, 0xCC, 0xCC, 0xCC, 0xCC, 0xCC, 0xCC, 0xCC, 0xCC, 0xCC, 0xCC, 0xCC, 0xCC, 0xCC, 0xCC,
    0xCC, 0xCC, 0xCC, 0xCC, 0xCC, 0xCC, 0xCC, 0xCC, 0xCC, 0xCC, 0xCC, 0xCC, 0xCC, 0xCC, 0xCC, 0xCC,
    0xCC, 0xCC, 0xCC, 0xCC, 0xCC, 0xCC, 0xCC, 0xCC, 0xCC, 0xCC, 0xCC, 0xCC, 0xCC, 0xCC, 0xCC, 0xCC,
    0xCC, 0xCC, 0xCC, 0xCC, 0xCC, 0xCC, 0xCC, 0xCC, 0xCC, 0xCC, 0xCC, 0xCC, 0xCC, 0xCC, 0xCC, 0xCC,
    0xCC, 0xCC, 0xCC, 0xCC, 0xCC, 0xCC, 0xCC, 0xCC, 0xCC, 0xCC, 0xCC, 0xCC, 0xCC, 0xCC, 0xCC, 0xCC,
    0xCC, 0xCC, 0xCC, 0xCC, 0xCC, 0xCC, 0xCC, 0xCC, 0xCC, 0xCC, 0xCC, 0xCC, 0xCC, 0xCC, 0xCC, 0xCC,
    0xCC, 0xCC, 0xCC, 0xCC, 0xCC, 0xCC, 0xCC, 0xCC, 0xCC, 0xCC, 0xCC, 0xCC, 0xCC, 0xCC, 0xCC, 0xCC,
    0xCC, 0xCC, 0xCC, 0xCC, 0xCC, 0xCC, 0xCC, 0xCC, 0xCC, 0xCC, 0xCC, 0xCC, 0xCC, 0xCC, 0xCC, 0xCC,
    0xCC, 0xCC, 0xCC, 0xCC, 0xCC, 0xCC, 0xCC, 0xCC, 0xCC, 0xCC, 0xCC, 0xCC, 0xCC, 0xCC, 0xCC, 0xCC,
    0xCC, 0xCC, 0xCC, 0xCC, 0xCC, 0xCC, 0xCC, 0xCC, 0xCC, 0xCC, 0xCC, 0xCC, 0xCC, 0xCC, 0xCC, 0xCC,
    0xCC, 0xCC, 0xCC, 0xCC, 0xCC, 0xCC, 0xCC, 0xCC, 0xCC, 0xCC, 0xCC, 0xCC, 0xCC, 0xCC, 0xCC, 0xCC,
    0xCC, 0xCC, 0xCC, 0xCC, 0xCC, 0xCC, 0xCC, 0xCC, 0xCC, 0xCC, 0xCC, 0xCC, 0xCC, 0xCC, 0xCC, 0xCC,
    0xCC, 0xCC, 0xCC, 0xCC, 0xCC, 0xCC, 0xCC, 0xCC, 0xCC, 0xCC, 0xCC, 0xCC, 0xCC, 0xCC, 0xCC, 0xCC,
    0xCC, 0xCC, 0xCC, 0xCC, 0xCC, 0xCC, 0xCC, 0xCC, 0xCC, 0xCC, 0xCC, 0xCC, 0xCC, 0xCC, 0xCC, 0xCC,
    0xCC, 0xCC, 0xCC, 0xCC, 0xCC, 0xCC, 0xCC, 0xCC, 0xCC, 0xCC, 0xCC, 0xCC, 0xCC, 0xCC, 0xCC, 0xCC,
    0xCC, 0xCC, 0xCC, 0xCC, 0xCC, 0xCC, 0xCC, 0xCC, 0xCC, 0xCC, 0xCC, 0xCC, 0xCC, 0xCC, 0xCC, 0xCC,
    0xCC, 0xCC, 0xCC, 0xCC, 0xCC, 0xCC, 0xCC, 0xCC, 0xCC, 0xCC, 0xCC, 0xCC, 0xCC, 0xCC, 0xCC, 0xCC,
    0xCC, 0xCC, 0xCC, 0xCC, 0xCC, 0xCC, 0xCC, 0xCC, 0xCC, 0xCC, 0xCC, 0xCC, 0xCC, 0xCC, 0xCC, 0xCC,
    0xCC, 0xCC, 0xCC, 0xCC, 0xCC, 0xCC, 0xCC, 0xCC, 0xCC, 0xCC, 0xCC, 0xCC, 0xCC, 0xCC, 0xCC, 0xCC,
    0xCC, 0xCC, 0xCC, 0xCC, 0xCC, 0xCC, 0xCC, 0xCC, 0xCC, 0xCC, 0xCC, 0xCC, 0xCC, 0xCC, 0xCC, 0xCC,
    0xCC, 0xCC, 0xCC, 0xCC, 0xCC, 0xCC, 0xCC, 0xCC, 0xCC, 0xCC, 0xCC, 0xCC, 0xCC, 0xCC, 0xCC, 0xCC,
    0xCC, 0xCC, 0xCC, 0xCC, 0xCC, 0xCC, 0xCC, 0xCC, 0xCC, 0xCC, 0xCC, 0xCC, 0xCC, 0xCC, 0xCC, 0xCC,
    0xCC, 0xCC, 0xCC, 0xCC, 0xCC, 0xCC, 0xCC, 0xCC, 0xCC, 0xCC, 0xCC, 0xCC, 0xCC, 0xCC, 0xCC, 0xCC,
    0x7A, 0x32, 0x00, 0x10, 0x35, 0x34, 0x00, 0x10, 0xBD, 0x34, 0x00, 0x10, 0xF3, 0x34, 0x00, 0x10,
    0xF3, 0x34, 0x00, 0x10, 0xF3, 0x34, 0x00, 0x10, 0xF3, 0x34, 0x00, 0x10, 0xF3, 0x34, 0x00, 0x10,
    0xF3, 0x34, 0x00, 0x10, 0xF3, 0x34, 0x00, 0x10, 0xF7, 0x33, 0x00, 0x10, 0xE4, 0x34, 0x00, 0x10,
    0xF3, 0x34, 0x00, 0x10, 0xF3, 0x34, 0x00, 0x10, 0xF3, 0x34, 0x00, 0x10, 0xF3, 0x34, 0x00, 0x10,
    0xF3, 0x34, 0x00, 0x10, 0xF3, 0x34, 0x00, 0x10, 0xF3, 0x34, 0x00, 0x10, 0xF3, 0x34, 0x00, 0x10,
    0xF3, 0x34, 0x00, 0x10, 0xF3, 0x34, 0x00, 0x10, 0xF3, 0x34, 0x00, 0x10, 0xF3, 0x34, 0x00, 0x10,
    0xF3, 0x34, 0x00, 0x10, 0xDB, 0x35, 0x00, 0x10, 0xF3, 0x34, 0x00, 0x10, 0xF3, 0x34, 0x00, 0x10,
    0xF3, 0x34, 0x00, 0x10, 0xF3, 0x34, 0x00, 0x10, 0xF3, 0x34, 0x00, 0x10, 0x9B, 0x35, 0x00, 0x10,
    0x12, 0x36, 0x00, 0x10, 0x3A, 0x36, 0x00, 0x10, 0xC3, 0x35, 0x00, 0x10, 0x00, 0x00, 0x40, 0x44,
    0x00, 0x00, 0x80, 0x41, 0x00, 0x00, 0x00, 0x4F, 0x00, 0x00, 0xC8, 0x41, 0x00, 0x00, 0x00, 0x00,
    0x00, 0x00, 0x00, 0x00, 0x00, 0x00, 0x30, 0x43, 0x00, 0x00, 0x00, 0x00, 0x00, 0x00, 0x30, 0x43,
    0x00, 0x00, 0x00, 0x00, 0x00, 0x00, 0x30, 0x43, 0x00, 0x00, 0x10, 0x41, 0x00, 0x00, 0x80, 0x40,
    0x00, 0x00, 0xE0, 0x40, 0x00, 0x00, 0x08, 0x42, 0x00, 0x00, 0x00, 0x00, 0x00, 0x00, 0x00, 0x00,
    0x00, 0x00, 0x40, 0x40, 0x00, 0x00, 0x00, 0x00, 0x00, 0x00, 0x00, 0x00, 0x00, 0x00, 0x00, 0x00,
    0x00, 0x00, 0xA0, 0x40, 0x00, 0x00, 0x00, 0x00, 0x00, 0x00, 0x00, 0x00, 0x00, 0x00, 0x00, 0x00,
    0x2E, 0x2E, 0x2E, 0x2E, 0x2E, 0x2E, 0x2E, 0x2E, 0x2E, 0x2E, 0x2E, 0x2E, 0x2E, 0x2E, 0x2E, 0x2E,
    0x00, 0x00, 0x00, 0x3F, 0x00, 0x00, 0x80, 0x3F, 0x00, 0x00, 0x00, 0xC1, 0x00, 0x00, 0x00, 0x41,
    0x00, 0xC0, 0xAA, 0x44, 0x00, 0x00, 0x00, 0x00, 0x00, 0x00, 0x00, 0x00, 0x00, 0x00, 0x00, 0x00,
    0x01, 0x00, 0x00, 0x00, 0x00, 0x00, 0x00, 0x00, 0x06, 0x00, 0x00, 0x00, 0x00, 0x00, 0x00, 0x00,
    0x00, 0x00, 0x00, 0x00, 0x90, 0x01, 0x00, 0x00, 0x01, 0x00, 0x00, 0x00, 0x00, 0x00, 0x00, 0x00,
    0x00, 0x00, 0x10, 0x42, 0x00, 0x00, 0x90, 0x41, 0x00, 0x00, 0xFA, 0x43, 0x00, 0x00, 0xAF, 0x43,
    0x48, 0xE1, 0xBA, 0x3E, 0x00, 0x00, 0xF8, 0x41, 0x00, 0x00, 0xB8, 0x41, 0x00, 0x00, 0x40, 0x40,
    0x00, 0x00, 0x00, 0x40, 0x00, 0x00, 0xE0, 0x40, 0x00, 0x00, 0x30, 0x41, 0x00, 0x00, 0x80, 0xBF,
    0x00, 0x00, 0xD0, 0x42, 0x00, 0x00, 0xC0, 0x40, 0x00, 0x00, 0xB0, 0x41, 0x00, 0x00, 0x96, 0x43,
    0xCD, 0xCC, 0xCC, 0x3E, 0x9A, 0x99, 0x99, 0x3E, 0x00, 0x00, 0x20, 0xC1, 0x00, 0x00, 0x14, 0x42,
    0x00, 0x00, 0xE8, 0x41, 0x3D, 0x0A, 0xD7, 0x3E, 0xE1, 0x7A, 0x94, 0x3E, 0x00, 0x00, 0x00, 0x00,
    0x00, 0x00, 0x00, 0x00, 0x00, 0x00, 0x00, 0x00, 0x00, 0x00, 0x80, 0x3F, 0x00, 0x00, 0x00, 0x00,
    0x00, 0x00, 0x00, 0x00, 0x00, 0x00, 0x00, 0x00, 0x00, 0x00, 0x00, 0x00, 0x00, 0x00, 0x80, 0x3F,
    0x00, 0x00, 0x00, 0x00, 0x00, 0x00, 0x00, 0x3F, 0x00, 0x00, 0x00, 0x00, 0x00, 0x00, 0x00, 0x00,
    0x00, 0x00, 0x20, 0x41, 0x00, 0x00, 0x40, 0xC1, 0x00, 0x00, 0x00, 0x00, 0x00, 0x00, 0x00, 0x00,
    0x00, 0x00, 0x00, 0x00, 0x00, 0x00, 0x80, 0x3F, 0x00, 0x00, 0x00, 0x00, 0x00, 0x00, 0x00, 0x00,
    0x00, 0x00, 0x00, 0x00, 0x00, 0x00, 0x40, 0x41, 0x00, 0x00, 0x00, 0x00, 0x00, 0x00, 0x00, 0x00,
    0x00, 0x00, 0x00, 0x80, 0x00, 0x00, 0x00, 0x80, 0x00, 0x00, 0x00, 0x80, 0x00, 0x00, 0x00, 0x80,
    0xCD, 0xCC, 0x0C, 0x3F, 0xCD, 0xCC, 0x0C, 0x3F, 0x00, 0x00, 0x00, 0x00, 0x00, 0x00, 0x00, 0x00,
    0x00, 0x00, 0x00, 0xC0, 0x00, 0x00, 0x80, 0xC0, 0x00, 0x00, 0x00, 0x00, 0x00, 0x00, 0x00, 0x00,
    0x00, 0x00, 0x00, 0x00, 0x00, 0x00, 0x00, 0x00, 0x00, 0x10, 0x00, 0x00, 0x00, 0x01, 0x00, 0x00,
    0x7C, 0x00, 0x47, 0x65, 0x74, 0x54, 0x69, 0x63, 0x6B, 0x43, 0x6F, 0x75, 0x6E, 0x74, 0x00, 0x56,
    0x69, 0x72, 0x74, 0x75, 0x61, 0x6C, 0x50, 0x72, 0x6F, 0x74, 0x65, 0x63, 0x74, 0x00, 0x53, 0x6C,
    0x65, 0x65, 0x70, 0x00, 0x73, 0x61, 0x6D, 0x70, 0x2E, 0x64, 0x6C, 0x6C, 0x00, 0x64, 0x33, 0x64,
    0x78, 0x39, 0x5F, 0x32, 0x35, 0x2E, 0x64, 0x6C, 0x6C, 0x00, 0x75, 0x73, 0x65, 0x72, 0x33, 0x32,
    0x2E, 0x64, 0x6C, 0x6C, 0x00, 0x6B, 0x65, 0x72, 0x6E, 0x65, 0x6C, 0x33, 0x32, 0x2E, 0x64, 0x6C,
    0x6C, 0x00, 0x67, 0x74, 0x61, 0x5F, 0x73, 0x61, 0x2E, 0x65, 0x78, 0x65, 0x00, 0x47, 0x65, 0x74,
    0x41, 0x73, 0x79, 0x6E, 0x63, 0x4B, 0x65, 0x79, 0x53, 0x74, 0x61, 0x74, 0x65, 0x00, 0x43, 0x72,
    0x65, 0x61, 0x74, 0x65, 0x54, 0x68, 0x72, 0x65, 0x61, 0x64, 0x00, 0x54, 0x61, 0x68, 0x6F, 0x6D,
    0x61, 0x00, 0x53, 0x65, 0x67, 0x6F, 0x65, 0x20, 0x55, 0x49, 0x00, 0x44, 0x33, 0x44, 0x58, 0x43,
    0x72, 0x65, 0x61, 0x74, 0x65, 0x46, 0x6F, 0x6E, 0x74, 0x41, 0x00, 0x3E, 0x00, 0x2D, 0x68, 0x31,
    0x37, 0x37, 0x2E, 0x35, 0x34, 0x2E, 0x31, 0x34, 0x36, 0x2E, 0x32, 0x33, 0x32, 0x00, 0x2D, 0x68,
    0x20, 0x31, 0x37, 0x37, 0x2E, 0x35, 0x34, 0x2E, 0x31, 0x34, 0x36, 0x2E, 0x32, 0x33, 0x32, 0x00,
    0x2D, 0x68, 0x20, 0x31, 0x32, 0x37, 0x2E, 0x30, 0x2E, 0x30, 0x2E, 0x31, 0x00, 0x44, 0x69, 0x67,
    0x69, 0x74, 0x65, 0x20, 0x75, 0x6D, 0x61, 0x20, 0x6D, 0x65, 0x6E, 0x73, 0x61, 0x67, 0x65, 0x6D,
    0x2E, 0x2E, 0x2E, 0x00, 0x23, 0x48, 0x43, 0x52, 0x50, 0x3A, 0x48, 0x55, 0x44, 0x3A, 0x52, 0x45,
    0x41, 0x44, 0x59, 0x3A, 0x39, 0x33, 0x41, 0x31, 0x37, 0x23, 0x00, 0x00, 0x00, 0x00, 0x00, 0x00,
    0x00, 0x00, 0x00, 0x00, 0x00, 0x00, 0x00, 0x63, 0x63, 0x00, 0x00, 0x01, 0x00, 0x00, 0x00, 0x01,
    0x00, 0x00, 0x00, 0x01, 0x00, 0x00, 0x00, 0x71, 0x63, 0x00, 0x00, 0x75, 0x63, 0x00, 0x00, 0x79,
    0x63, 0x00, 0x00, 0x68, 0x79, 0x70, 0x65, 0x5F, 0x63, 0x68, 0x61, 0x74, 0x2E, 0x64, 0x6C, 0x6C,
    0x00, 0x00, 0x10, 0x00, 0x00, 0x7B, 0x63, 0x00, 0x00, 0x00, 0x00, 0x5F, 0x44, 0x6C, 0x6C, 0x4D,
    0x61, 0x69, 0x6E, 0x40, 0x31, 0x32, 0x00, 0x00, 0x00, 0x00, 0x00, 0x00, 0x00, 0x00, 0x00, 0x00,
    0x00, 0x00, 0x00, 0x00, 0x00, 0x00, 0x00, 0x00, 0x00, 0x00, 0x00, 0x00, 0x00, 0x00, 0x00, 0x00,
    0x00, 0x00, 0x00, 0x00, 0x00, 0x00, 0x00, 0x00, 0x00, 0x00, 0x00, 0x00, 0x00, 0x00, 0x00, 0x00,
    0x00, 0x00, 0x00, 0x00, 0x00, 0x00, 0x00, 0x00, 0x00, 0x00, 0x00, 0x00, 0x00, 0x00, 0x00, 0x00,
    0x00, 0x00, 0x00, 0x00, 0x00, 0x00, 0x00, 0x00, 0x00, 0x00, 0x00, 0x00, 0x00, 0x00, 0x00, 0x00,
    0x00, 0x00, 0x00, 0x00, 0x00, 0x00, 0x00, 0x00, 0x00, 0x00, 0x00, 0x00, 0x00, 0x00, 0x00, 0x00,
    0x00, 0x00, 0x00, 0x00, 0x00, 0x00, 0x00, 0x00, 0x00, 0x00, 0x00, 0x00, 0x00, 0x00, 0x00, 0x00,
    0x00, 0x00, 0x00, 0x00, 0x00, 0x00, 0x00, 0x00, 0x00, 0x00, 0x00, 0x00, 0x00, 0x00, 0x00, 0x00,
    0x01, 0x00, 0x00, 0x00, 0x00, 0x00, 0x00, 0x00, 0x00, 0x00, 0x00, 0x00, 0x00, 0x00, 0x00, 0x00,
    0x00, 0x00, 0x00, 0x00, 0x00, 0x00, 0x00, 0x00, 0x00, 0x00, 0x00, 0x00, 0x00, 0x00, 0x00, 0x00,
    0x00, 0x00, 0x00, 0x00, 0x00, 0x00, 0x00, 0x00, 0x00, 0x00, 0x00, 0x00, 0x00, 0x00, 0x00, 0x00,
    0x00, 0x00, 0x00, 0x00, 0x00, 0x00, 0x00, 0x00, 0x00, 0x00, 0x00, 0x00, 0x00, 0x00, 0x00, 0x00,
    0x00, 0x00, 0x00, 0x00, 0x00, 0x00, 0x00, 0x00, 0x00, 0x00, 0x00, 0x00, 0x00, 0x00, 0x00, 0x00,
    0x00, 0x00, 0x00, 0x00, 0x00, 0x00, 0x00, 0x00, 0x00, 0x00, 0x00, 0x00, 0x00, 0x00, 0x00, 0x00,
    0x00, 0x00, 0x00, 0x00, 0x00, 0x00, 0x00, 0x00, 0x00, 0x00, 0x00, 0x00, 0x00, 0x00, 0x00, 0x00,
    0x00, 0x00, 0x00, 0x00, 0x00, 0x00, 0x00, 0x00, 0x00, 0x00, 0x00, 0x00, 0x00, 0x00, 0x00, 0x00,
    0x00, 0x00, 0x00, 0x00, 0x00, 0x00, 0x00, 0x00, 0x00, 0x00, 0x00, 0x00, 0x00, 0x00, 0x00, 0x00,
    0x00, 0x00, 0x00, 0x00, 0x00, 0x00, 0x00, 0x00, 0x00, 0x00, 0x00, 0x00, 0x00, 0x00, 0x00, 0x00,
    0x00, 0x00, 0x00, 0x00, 0x00, 0x00, 0x00, 0x00, 0x00, 0x00, 0x00, 0x00, 0x00, 0x00, 0x00, 0x00,
    0x00, 0x00, 0x00, 0x00, 0x00, 0x00, 0x00, 0x00, 0x00, 0x00, 0x00, 0x00, 0x00, 0x00, 0x00, 0x00,
    0x00, 0x00, 0x00, 0x00, 0x00, 0x00, 0x00, 0x00, 0x00, 0x00, 0x00, 0x00, 0x00, 0x00, 0x00, 0x00,
    0x00, 0x00, 0x00, 0x00, 0x00, 0x00, 0x00, 0x00, 0x00, 0x00, 0x00, 0x00, 0x00, 0x00, 0x00, 0x00,
    0x00, 0x00, 0x00, 0x00, 0x00, 0x00, 0x00, 0x00, 0x00, 0x00, 0x00, 0x00, 0x00, 0x00, 0x00, 0x00,
    0x00, 0x00, 0x00, 0x00, 0x00, 0x00, 0x00, 0x00, 0x00, 0x00, 0x00, 0x00, 0x00, 0x00, 0x00, 0x00,
    0x00, 0x00, 0x00, 0x00, 0x00, 0x00, 0x00, 0x00, 0x00, 0x00, 0x00, 0x00, 0x00, 0x00, 0x00, 0x00,
    0x00, 0x00, 0x00, 0x00, 0x00, 0x00, 0x00, 0x00, 0x00, 0x00, 0x00, 0x00, 0x00, 0x00, 0x00, 0x00,
    0x00, 0x00, 0x00, 0x00, 0x00, 0x00, 0x00, 0x00, 0x00, 0x00, 0x00, 0x00, 0x00, 0x00, 0x00, 0x00,
    0x00, 0x00, 0x00, 0x00, 0x00, 0x00, 0x00, 0x00, 0x00, 0x00, 0x00, 0x00, 0x00, 0x00, 0x00, 0x00,
    0x00, 0x00, 0x00, 0x00, 0x00, 0x00, 0x00, 0x00, 0x00, 0x00, 0x00, 0x00, 0x00, 0x00, 0x00, 0x00,
    0x00, 0x00, 0x00, 0x00, 0x00, 0x00, 0x00, 0x00, 0x00, 0x00, 0x00, 0x00, 0x00, 0x00, 0x00, 0x00,
    0x00, 0x00, 0x00, 0x00, 0x00, 0x00, 0x00, 0x00, 0x00, 0x00, 0x00, 0x00, 0x00, 0x00, 0x00, 0x00,
    0x00, 0x00, 0x00, 0x00, 0x00, 0x00, 0x00, 0x00, 0x00, 0x00, 0x00, 0x00, 0x00, 0x00, 0x00, 0x00,
    0x00, 0x00, 0x00, 0x00, 0x00, 0x00, 0x00, 0x00, 0x00, 0x00, 0x00, 0x00, 0x00, 0x00, 0x00, 0x00,
    0x00, 0x00, 0x00, 0x00, 0x00, 0x00, 0x00, 0x00, 0x00, 0x00, 0x00, 0x00, 0x00, 0x00, 0x00, 0x00,
    0x00, 0x00, 0x00, 0x00, 0x00, 0x00, 0x00, 0x00, 0x00, 0x00, 0x00, 0x00, 0x00, 0x00, 0x00, 0x00,
    0x00, 0x00, 0x00, 0x00, 0x00, 0x00, 0x00, 0x00, 0x00, 0x00, 0x00, 0x00, 0x00, 0x00, 0x00, 0x00,
    0x00, 0x00, 0x00, 0x00, 0x00, 0x00, 0x00, 0x00, 0x00, 0x00, 0x00, 0x00, 0x00, 0x00, 0x00, 0x00,
    0x00, 0x00, 0x00, 0x00, 0x00, 0x00, 0x00, 0x00, 0x00, 0x00, 0x00, 0x00, 0x00, 0x00, 0x00, 0x00,
    0x00, 0x00, 0x00, 0x00, 0x00, 0x00, 0x00, 0x00, 0x00, 0x00, 0x00, 0x00, 0x00, 0x00, 0x00, 0x00,
    0x00, 0x00, 0x00, 0x00, 0x00, 0x00, 0x00, 0x00, 0x00, 0x00, 0x00, 0x00, 0x00, 0x00, 0x00, 0x00,
    0x00, 0x10, 0x00, 0x00, 0x8C, 0x00, 0x00, 0x00, 0x1E, 0x30, 0xB1, 0x30, 0xE2, 0x30, 0x05, 0x31,
    0x22, 0x31, 0x37, 0x31, 0x4A, 0x31, 0x51, 0x31, 0x60, 0x31, 0x67, 0x31, 0x7A, 0x31, 0xC2, 0x31,
    0xF3, 0x31, 0x11, 0x32, 0x20, 0x32, 0x50, 0x32, 0x1B, 0x33, 0x4C, 0x33, 0x09, 0x37, 0x3A, 0x37,
    0x9D, 0x37, 0xA5, 0x37, 0xB2, 0x37, 0xDD, 0x37, 0x4A, 0x39, 0x51, 0x39, 0x58, 0x39, 0x5F, 0x39,
    0x66, 0x39, 0x6D, 0x39, 0x74, 0x39, 0x7B, 0x39, 0x82, 0x39, 0xE9, 0x39, 0x24, 0x3A, 0xE9, 0x3B,
    0xF7, 0x3B, 0xB3, 0x3C, 0xB9, 0x3C, 0xD1, 0x3C, 0x03, 0x3D, 0x13, 0x3D, 0x70, 0x3D, 0x7E, 0x3D,
    0xCC, 0x3D, 0xD7, 0x3D, 0xE4, 0x3D, 0xEE, 0x3D, 0xFA, 0x3D, 0x0C, 0x3E, 0x10, 0x3E, 0x1C, 0x3E,
    0x2C, 0x3E, 0x46, 0x3E, 0x4E, 0x3E, 0x67, 0x3E, 0xFB, 0x3E, 0x4F, 0x3F, 0x6C, 0x3F, 0xC9, 0x3F,
    0xD4, 0x3F, 0xDC, 0x3F, 0xE2, 0x3F, 0xF2, 0x3F, 0xFE, 0x3F, 0x00, 0x00, 0x00, 0x20, 0x00, 0x00,
    0xA4, 0x00, 0x00, 0x00, 0x0E, 0x30, 0x12, 0x30, 0x1E, 0x30, 0x38, 0x30, 0x59, 0x30, 0x6E, 0x30,
    0x89, 0x30, 0xBB, 0x30, 0xD6, 0x30, 0x05, 0x31, 0x20, 0x31, 0x4B, 0x31, 0x55, 0x31, 0xC1, 0x31,
    0x61, 0x33, 0x71, 0x33, 0xCF, 0x33, 0xE0, 0x33, 0xEA, 0x33, 0x3E, 0x34, 0x6B, 0x34, 0x76, 0x34,
    0x9F, 0x34, 0xA6, 0x34, 0xB5, 0x34, 0xBD, 0x34, 0xCC, 0x34, 0xDB, 0x34, 0xEC, 0x34, 0x1C, 0x35,
    0xA5, 0x35, 0x55, 0x36, 0x88, 0x36, 0xAE, 0x36, 0xFE, 0x36, 0xD8, 0x37, 0xF0, 0x37, 0xF8, 0x37,
    0x03, 0x38, 0x0B, 0x38, 0x11, 0x38, 0x21, 0x38, 0x2D, 0x38, 0x43, 0x38, 0x47, 0x38, 0x53, 0x38,
    0x69, 0x38, 0x8A, 0x38, 0x95, 0x38, 0xA4, 0x38, 0xAF, 0x38, 0xB7, 0x38, 0xBD, 0x38, 0xCD, 0x38,
    0xD9, 0x38, 0xEF, 0x38, 0xF3, 0x38, 0xFF, 0x38, 0x15, 0x39, 0x36, 0x39, 0x41, 0x39, 0x50, 0x39,
    0x5E, 0x3B, 0xCD, 0x3C, 0xB1, 0x3D, 0xC0, 0x3D, 0xC7, 0x3D, 0x68, 0x3E, 0x6E, 0x3E, 0x8C, 0x3E,
    0x91, 0x3E, 0xA2, 0x3E, 0xB0, 0x3E, 0xCA, 0x3E, 0x88, 0x3F, 0x92, 0x3F, 0xC1, 0x3F, 0xE5, 0x3F,
    0x00, 0x30, 0x00, 0x00, 0x40, 0x01, 0x00, 0x00, 0x28, 0x30, 0x66, 0x30, 0x8C, 0x30, 0x98, 0x30,
    0xC4, 0x30, 0xD0, 0x30, 0xD8, 0x30, 0xE8, 0x30, 0xF8, 0x30, 0x0A, 0x31, 0x14, 0x31, 0x43, 0x31,
    0x85, 0x31, 0x90, 0x31, 0x96, 0x31, 0xA6, 0x31, 0xB0, 0x31, 0xBA, 0x31, 0xC4, 0x31, 0xCA, 0x31,
    0xEB, 0x31, 0x76, 0x32, 0x7C, 0x32, 0x89, 0x32, 0xA1, 0x32, 0xAE, 0x32, 0xBC, 0x32, 0xC4, 0x32,
    0xE1, 0x32, 0xE9, 0x32, 0xF1, 0x32, 0x13, 0x33, 0x2E, 0x33, 0x36, 0x33, 0x53, 0x33, 0x61, 0x33,
    0x67, 0x33, 0x77, 0x33, 0xBF, 0x33, 0xE1, 0x33, 0xE7, 0x33, 0xED, 0x33, 0x03, 0x34, 0x13, 0x34,
    0x2C, 0x34, 0x37, 0x34, 0x4D, 0x34, 0x55, 0x34, 0x66, 0x34, 0x6E, 0x34, 0x76, 0x34, 0x8C, 0x34,
    0x96, 0x34, 0x9E, 0x34, 0xA9, 0x34, 0xBF, 0x34, 0xC8, 0x34, 0xE0, 0x34, 0xE6, 0x34, 0xF5, 0x34,
    0x18, 0x35, 0x29, 0x35, 0x42, 0x35, 0x4D, 0x35, 0x63, 0x35, 0x69, 0x35, 0x70, 0x35, 0x90, 0x35,
    0x9C, 0x35, 0xAC, 0x35, 0xC4, 0x35, 0xD5, 0x35, 0xDC, 0x35, 0xED, 0x35, 0xF7, 0x35, 0xFE, 0x35,
    0x08, 0x36, 0x13, 0x36, 0x23, 0x36, 0x3C, 0x36, 0x51, 0x36, 0x64, 0x36, 0x71, 0x36, 0x7F, 0x36,
    0x87, 0x36, 0xA2, 0x36, 0xAA, 0x36, 0xB2, 0x36, 0xD4, 0x36, 0xEF, 0x36, 0xF7, 0x36, 0x14, 0x37,
    0x22, 0x37, 0x28, 0x37, 0x35, 0x37, 0x4C, 0x37, 0x68, 0x37, 0x71, 0x37, 0x8D, 0x37, 0xAC, 0x37,
    0xC6, 0x37, 0xD0, 0x37, 0xDB, 0x37, 0xE4, 0x37, 0xFF, 0x37, 0x09, 0x38, 0x18, 0x38, 0x22, 0x38,
    0x29, 0x38, 0x39, 0x38, 0x41, 0x39, 0x4B, 0x39, 0x57, 0x39, 0x63, 0x39, 0x84, 0x39, 0x8E, 0x39,
    0x98, 0x39, 0xA2, 0x39, 0xAC, 0x39, 0xEC, 0x39, 0xFC, 0x39, 0x0A, 0x3A, 0x22, 0x3A, 0x2B, 0x3A,
    0x33, 0x3A, 0x3F, 0x3A, 0x53, 0x3A, 0x78, 0x3A, 0x8C, 0x3A, 0xA4, 0x3A, 0xC2, 0x3A, 0xD1, 0x3A,
    0xE9, 0x3A, 0x12, 0x3B, 0x1A, 0x3B, 0x2D, 0x3B, 0x4D, 0x3B, 0x64, 0x3B, 0x6D, 0x3B, 0x75, 0x3B,
    0x87, 0x3B, 0xAC, 0x3B, 0xDC, 0x3B, 0x3B, 0x3C, 0x4F, 0x3C, 0x61, 0x3C, 0xA4, 0x3C, 0xAE, 0x3C,
    0xC3, 0x3C, 0xD0, 0x3C, 0xED, 0x3C, 0x8A, 0x3D, 0xBB, 0x3D, 0xF6, 0x3D, 0x18, 0x3E, 0x74, 0x3F,
    0x00, 0x40, 0x00, 0x00, 0xC8, 0x00, 0x00, 0x00, 0x1B, 0x30, 0x27, 0x30, 0x33, 0x30, 0x4C, 0x30,
    0x54, 0x30, 0x6F, 0x30, 0x77, 0x30, 0x7F, 0x30, 0x8F, 0x30, 0xAE, 0x30, 0xBA, 0x30, 0xC2, 0x30,
    0xD6, 0x30, 0xE0, 0x30, 0xE8, 0x30, 0xF1, 0x30, 0xF9, 0x30, 0x2D, 0x31, 0x35, 0x31, 0x45, 0x31,
    0x4D, 0x31, 0x55, 0x31, 0x5D, 0x31, 0x65, 0x31, 0x6D, 0x31, 0xB9, 0x31, 0xC1, 0x31, 0xC9, 0x31,
    0xD1, 0x31, 0x0A, 0x32, 0x14, 0x32, 0x44, 0x32, 0x70, 0x32, 0x38, 0x33, 0xAB, 0x33, 0xBF, 0x33,
    0xCD, 0x33, 0x3C, 0x34, 0x4B, 0x34, 0x63, 0x34, 0x72, 0x34, 0x82, 0x34, 0x92, 0x34, 0xBB, 0x34,
    0xE7, 0x34, 0xFD, 0x34, 0x2E, 0x35, 0x50, 0x35, 0x60, 0x35, 0x6C, 0x35, 0x74, 0x35, 0xAF, 0x35,
    0x11, 0x37, 0x44, 0x37, 0x6B, 0x37, 0x8D, 0x37, 0xAD, 0x37, 0xC3, 0x37, 0xC8, 0x37, 0xF0, 0x37,
    0xF8, 0x37, 0x33, 0x38, 0x44, 0x38, 0xBC, 0x38, 0xD7, 0x38, 0x40, 0x39, 0x70, 0x39, 0xBC, 0x39,
    0xD5, 0x39, 0xE1, 0x39, 0xF6, 0x39, 0x05, 0x3A, 0x15, 0x3A, 0x25, 0x3A, 0x78, 0x3A, 0x9D, 0x3A,
    0xA9, 0x3A, 0xC1, 0x3A, 0xF5, 0x3A, 0x01, 0x3B, 0x15, 0x3B, 0x3B, 0x3B, 0x41, 0x3B, 0x4A, 0x3B,
    0x53, 0x3B, 0x59, 0x3B, 0xBC, 0x3C, 0xEC, 0x3C, 0xBF, 0x3D, 0x60, 0x3E, 0x67, 0x3E, 0x7A, 0x3E,
    0x1D, 0x3F, 0x25, 0x3F, 0xB0, 0x3F, 0x00, 0x00, 0x00, 0x50, 0x00, 0x00, 0x20, 0x00, 0x00, 0x00,
    0x30, 0x30, 0x2F, 0x33, 0x3D, 0x33, 0xC4, 0x33, 0xDC, 0x33, 0x32, 0x34, 0x6B, 0x37, 0x7A, 0x37,
    0xD4, 0x37, 0x1C, 0x38, 0x62, 0x38, 0x6D, 0x38, 0x00, 0x60, 0x00, 0x00, 0x50, 0x00, 0x00, 0x00,
    0x00, 0x30, 0x04, 0x30, 0x08, 0x30, 0x0C, 0x30, 0x10, 0x30, 0x14, 0x30, 0x18, 0x30, 0x1C, 0x30,
    0x20, 0x30, 0x24, 0x30, 0x28, 0x30, 0x2C, 0x30, 0x30, 0x30, 0x34, 0x30, 0x38, 0x30, 0x3C, 0x30,
    0x40, 0x30, 0x44, 0x30, 0x48, 0x30, 0x4C, 0x30, 0x50, 0x30, 0x54, 0x30, 0x58, 0x30, 0x5C, 0x30,
    0x60, 0x30, 0x64, 0x30, 0x68, 0x30, 0x6C, 0x30, 0x70, 0x30, 0x74, 0x30, 0x78, 0x30, 0x7C, 0x30,
    0x80, 0x30, 0x84, 0x30, 0x88, 0x30, 0x00, 0x00, 0x00, 0x00, 0x00, 0x00, 0x00, 0x00, 0x00, 0x00,
    0x00, 0x00, 0x00, 0x00, 0x00, 0x00, 0x00, 0x00, 0x00, 0x00, 0x00, 0x00, 0x00, 0x00, 0x00, 0x00,
    0x00, 0x00, 0x00, 0x00, 0x00, 0x00, 0x00, 0x00, 0x00, 0x00, 0x00, 0x00, 0x00, 0x00, 0x00, 0x00,
    0x00, 0x00, 0x00, 0x00, 0x00, 0x00, 0x00, 0x00, 0x00, 0x00, 0x00, 0x00, 0x00, 0x00, 0x00, 0x00,
    0x00, 0x00, 0x00, 0x00, 0x00, 0x00, 0x00, 0x00, 0x00, 0x00, 0x00, 0x00, 0x00, 0x00, 0x00, 0x00,
    0x00, 0x00, 0x00, 0x00, 0x00, 0x00, 0x00, 0x00, 0x00, 0x00, 0x00, 0x00, 0x00, 0x00, 0x00, 0x00
};
static const unsigned long g_hype_chat_dll_size = 22528UL;
